id,parent_id,subject_id,subject_name,name,level,difficulty,source,summary,definition,core_elements,key_terms,formulas,common_mistakes,scope_boundary,prerequisites_desc,params_status,prerequisites,sort,icon,created_at
1,,1,数学分析,数学分析,1,1,manual,,,,,,,,,,,0,,2026-09-05T11:42:23.002441
2,1,1,数学分析,第一章 实数集与函数,2,1,manual,本章奠定数学分析的理论基础，核心是实数完备性（确界原理）与函数的基本概念。学习重点包括实数性质、区间与邻域、有界集的确界存在性，以及函数定义、复合与反函数、基本初等函数及奇偶性、周期性等特性。确界原理是后续极限理论的重要支柱，函数语言则是全书分析对象的基本载体。掌握本章可为极限、连续、微分等核心内容提供必要工具。,,,,,,,,,,0,,2026-09-05T11:42:23.002441
3,2,1,数学分析,1.1 实数,3,1,manual,本小节介绍实数的基本性质（有序性、稠密性、完备性）及绝对值定义与不等式性质。重点掌握绝对值三角不等式、实数大小比较及区间表示。考点常围绕绝对值不等式求解、利用实数性质证明简单命题。,,,,,,,,,,0,,2026-09-05T11:42:23.002441
4,3,1,数学分析,实数及其性质,4,1,manual,,,,,,,,,,,0,,2026-09-05T11:42:23.002441
5,3,1,数学分析,绝对值与不等式,4,1,manual,,,,,,,,,,,1,,2026-09-05T11:42:23.002441
6,2,1,数学分析,1.2 数集·确界原理,3,1,manual,,,,,,,,,,,1,,2026-09-05T11:42:23.002441
7,6,1,数学分析,区间与邻域,4,1,manual,,,,,,,,,,,0,,2026-09-05T11:42:23.002441
8,6,1,数学分析,有界集·确界原理,4,1,manual,,,,,,,,,,,1,,2026-09-05T11:42:23.002441
9,2,1,数学分析,1.3 函数概念,3,1,manual,,,,,,,,,,,2,,2026-09-05T11:42:23.002441
10,9,1,数学分析,函数的定义,4,1,manual,,,,,,,,,,,0,,2026-09-05T11:42:23.002441
11,9,1,数学分析,函数的表示法,4,1,manual,,,,,,,,,,,1,,2026-09-05T11:42:23.002441
12,9,1,数学分析,复合函数与反函数,4,1,manual,,,,,,,,,,,2,,2026-09-05T11:42:23.002441
13,9,1,数学分析,初等函数,4,1,manual,,,,,,,,,,,3,,2026-09-05T11:42:23.002441
14,2,1,数学分析,1.4 具有某些特性的函数,3,1,manual,,,,,,,,,,,3,,2026-09-05T11:42:23.002441
15,14,1,数学分析,有界函数,4,1,manual,,,,,,,,,,,0,,2026-09-05T11:42:23.002441
16,14,1,数学分析,单调函数,4,1,manual,,,,,,,,,,,1,,2026-09-05T11:42:23.002441
17,14,1,数学分析,奇函数与偶函数,4,1,manual,,,,,,,,,,,2,,2026-09-05T11:42:23.002441
18,14,1,数学分析,周期函数,4,1,manual,,,,,,,,,,,3,,2026-09-05T11:42:23.002441
19,1,1,数学分析,第二章 数列极限,2,1,manual,本章系统引入数列极限的严格ε-N定义，建立收敛数列的唯一性、有界性、保号性及四则运算等基本性质，并重点掌握单调有界定理与Cauchy收敛准则等存在性判定工具。作为数学分析的理论基石，极限思想贯穿全书，为后续函数极限、连续性与级数理论提供严格分析基础，是培养严谨数学思维的关键环节。,,,,,,,,,,1,,2026-09-05T11:42:23.002441
20,19,1,数学分析,2.1 数列极限概念,3,1,manual,数列极限的ε-N定义是核心，需理解“任意ε>0，存在N”的逻辑并会用定义证明极限。无穷小数列是极限为0的数列，其性质是后续基础。考点常为用定义验证极限及无穷小数列的判定与运算。,,,,,,,,,,0,,2026-09-05T11:42:23.002441
21,20,1,数学分析,数列极限的定义,4,1,manual,,,,,,,,,,,0,,2026-09-05T11:42:23.002441
22,20,1,数学分析,无穷小数列,4,1,manual,,,,,,,,,,,1,,2026-09-05T11:42:23.002441
23,19,1,数学分析,2.2 收敛数列的性质,3,1,manual,,,,,,,,,,,1,,2026-09-05T11:42:23.002441
24,23,1,数学分析,唯一性,4,1,manual,,,,,,,,,,,0,,2026-09-05T11:42:23.002441
25,23,1,数学分析,有界性,4,1,manual,,,,,,,,,,,1,,2026-09-05T11:42:23.002441
26,23,1,数学分析,保号性,4,1,manual,,,,,,,,,,,2,,2026-09-05T11:42:23.002441
27,23,1,数学分析,保不等式性,4,1,manual,,,,,,,,,,,3,,2026-09-05T11:42:23.002441
28,23,1,数学分析,迫敛性,4,1,manual,,,,,,,,,,,4,,2026-09-05T11:42:23.002441
29,23,1,数学分析,四则运算法则,4,1,manual,,,,,,,,,,,5,,2026-09-05T11:42:23.002441
30,19,1,数学分析,2.3 数列极限存在的条件,3,1,manual,,,,,,,,,,,2,,2026-09-05T11:42:23.002441
31,30,1,数学分析,单调有界定理,4,1,manual,,,,,,,,,,,0,,2026-09-05T11:42:23.002441
32,30,1,数学分析,柯西收敛准则,4,1,manual,,,,,,,,,,,1,,2026-09-05T11:42:23.002441
33,1,1,数学分析,第三章 函数极限,2,1,manual,本章系统引入函数极限的定义（ε-δ语言）、性质（唯一性、局部有界性、保号性等）及存在条件（归结原则、柯西准则），并重点掌握两个重要极限与无穷小/无穷大的比较。作为数学分析的核心基础，它为连续、导数、积分等后续概念提供严格工具，是连接数列极限与微分学的关键桥梁。,,,,,,,,,,2,,2026-09-05T11:42:23.002441
34,33,1,数学分析,3.1 函数极限概念,3,1,manual,函数极限概念的核心是描述自变量变化趋势下函数的趋近行为，包括x趋于无穷与趋于有限值两类情形，并引入单侧极限以处理分段点或间断点。重点掌握极限的精确定义（ε-δ、ε-M语言）及单侧极限与极限存在的关系，这是判断极限存在及后续计算的基础。,,,,,,,,,,0,,2026-09-05T11:42:23.002441
35,34,1,数学分析,x趋于无穷时的极限,4,1,manual,,,,,,,,,,,0,,2026-09-05T11:42:23.002441
36,34,1,数学分析,x趋于有限值时的极限,4,1,manual,,,,,,,,,,,1,,2026-09-05T11:42:23.002441
37,34,1,数学分析,单侧极限,4,1,manual,,,,,,,,,,,2,,2026-09-05T11:42:23.002441
38,33,1,数学分析,3.2 函数极限的性质,3,1,manual,,,,,,,,,,,1,,2026-09-05T11:42:23.002441
39,38,1,数学分析,唯一性,4,1,manual,,,,,,,,,,,0,,2026-09-05T11:42:23.002441
40,38,1,数学分析,局部有界性,4,1,manual,,,,,,,,,,,1,,2026-09-05T11:42:23.002441
41,38,1,数学分析,局部保号性,4,1,manual,,,,,,,,,,,2,,2026-09-05T11:42:23.002441
42,38,1,数学分析,保不等式性,4,1,manual,,,,,,,,,,,3,,2026-09-05T11:42:23.002441
43,38,1,数学分析,迫敛性,4,1,manual,,,,,,,,,,,4,,2026-09-05T11:42:23.002441
44,38,1,数学分析,四则运算法则,4,1,manual,,,,,,,,,,,5,,2026-09-05T11:42:23.002441
45,33,1,数学分析,3.3 函数极限存在的条件,3,1,manual,,,,,,,,,,,2,,2026-09-05T11:42:23.002441
46,45,1,数学分析,归结原则,4,1,manual,,,,,,,,,,,0,,2026-09-05T11:42:23.002441
47,45,1,数学分析,单调有界定理,4,1,manual,,,,,,,,,,,1,,2026-09-05T11:42:23.002441
48,45,1,数学分析,柯西准则,4,1,manual,,,,,,,,,,,2,,2026-09-05T11:42:23.002441
49,33,1,数学分析,3.4 两个重要极限,3,1,manual,,,,,,,,,,,3,,2026-09-05T11:42:23.002441
50,49,1,数学分析,lim(sinx/x)=1,4,1,manual,,,,,,,,,,,0,,2026-09-05T11:42:23.002441
51,49,1,数学分析,lim(1+1/x)^x=e,4,1,manual,,,,,,,,,,,1,,2026-09-05T11:42:23.002441
52,33,1,数学分析,3.5 无穷小量与无穷大量,3,1,manual,,,,,,,,,,,4,,2026-09-05T11:42:23.002441
53,52,1,数学分析,无穷小量,4,1,manual,,,,,,,,,,,0,,2026-09-05T11:42:23.002441
54,52,1,数学分析,无穷小量阶的比较,4,1,manual,,,,,,,,,,,1,,2026-09-05T11:42:23.002441
55,52,1,数学分析,无穷大量,4,1,manual,,,,,,,,,,,2,,2026-09-05T11:42:23.002441
56,52,1,数学分析,曲线的渐近线,4,1,manual,,,,,,,,,,,3,,2026-09-05T11:42:23.002441
57,1,1,数学分析,第四章 函数的连续性,2,1,manual,本章系统引入函数连续性的严格定义，重点掌握ε-δ语言及增量形式，理解间断点分类；进而讨论连续函数的局部性质与闭区间上的一致连续性、介值定理等核心结论，并利用四则运算与复合运算建立初等函数的连续性。该章是数学分析的基石，为后续导数、积分及微分方程理论提供前提，是连接极限理论与分析工具的关键桥梁。,,,,,,,,,,3,,2026-09-05T11:42:23.002441
58,57,1,数学分析,4.1 连续性概念,3,1,manual,函数在一点连续指极限值等于函数值；间断点分可去、跳跃与第二类。重点掌握连续性的判定、间断点类型的区分，以及区间上连续函数的整体性质。常见考点为利用定义讨论分段函数的连续性与间断点分类。,,,,,,,,,,0,,2026-09-05T11:42:23.002441
59,58,1,数学分析,函数在一点的连续性,4,1,manual,,,,,,,,,,,0,,2026-09-05T11:42:23.002441
60,58,1,数学分析,间断点及其分类,4,1,manual,,,,,,,,,,,1,,2026-09-05T11:42:23.003418
61,58,1,数学分析,区间上的连续函数,4,1,manual,,,,,,,,,,,2,,2026-09-05T11:42:23.003418
62,57,1,数学分析,4.2 连续函数的性质,3,1,manual,,,,,,,,,,,1,,2026-09-05T11:42:23.003418
63,62,1,数学分析,连续函数的局部性质,4,1,manual,,,,,,,,,,,0,,2026-09-05T11:42:23.003418
64,62,1,数学分析,闭区间上连续函数的基本性质,4,1,manual,,,,,,,,,,,1,,2026-09-05T11:42:23.003418
65,62,1,数学分析,反函数的连续性,4,1,manual,,,,,,,,,,,2,,2026-09-05T11:42:23.003418
66,62,1,数学分析,一致连续性,4,1,manual,,,,,,,,,,,3,,2026-09-05T11:42:23.003418
67,57,1,数学分析,4.3 初等函数的连续性,3,1,manual,,,,,,,,,,,2,,2026-09-05T11:42:23.003418
68,67,1,数学分析,指数函数的连续性,4,1,manual,,,,,,,,,,,0,,2026-09-05T11:42:23.003418
69,67,1,数学分析,初等函数的连续性,4,1,manual,,,,,,,,,,,1,,2026-09-05T11:42:23.003418
70,1,1,数学分析,第五章 导数和微分,2,1,manual,本章系统引入导数与微分概念，建立求导法则与链式法则，并推广至参变量函数与高阶导数。核心在于理解导数的极限定义及微分的线性逼近思想，掌握各类函数求导技巧。作为数学分析的基础工具，导数是后续研究函数性质、极值问题及积分学的关键，承上启下，须牢固掌握。,,,,,,,,,,4,,2026-09-05T11:42:23.003418
71,70,1,数学分析,5.1 导数的概念,3,1,manual,导数的定义是函数增量与自变量增量比值的极限，导函数为各点导数值构成的函数。几何意义是曲线切线斜率。重点掌握定义式求导、可导与连续关系，以及利用几何意义求切线方程。常见考点为导数定义辨析与切线斜率计算。,,,,,,,,,,0,,2026-09-05T11:42:23.003418
72,71,1,数学分析,导数的定义,4,1,manual,,,,,,,,,,,0,,2026-09-05T11:42:23.003418
73,71,1,数学分析,导函数,4,1,manual,,,,,,,,,,,1,,2026-09-05T11:42:23.003418
74,71,1,数学分析,导数的几何意义,4,1,manual,,,,,,,,,,,2,,2026-09-05T11:42:23.003418
75,70,1,数学分析,5.2 求导法则,3,1,manual,,,,,,,,,,,1,,2026-09-05T11:42:23.003418
76,75,1,数学分析,导数的四则运算,4,1,manual,,,,,,,,,,,0,,2026-09-05T11:42:23.003418
77,75,1,数学分析,反函数的导数,4,1,manual,,,,,,,,,,,1,,2026-09-05T11:42:23.003418
78,75,1,数学分析,复合函数的导数,4,1,manual,,,,,,,,,,,2,,2026-09-05T11:42:23.003418
79,75,1,数学分析,基本求导法则与公式,4,1,manual,,,,,,,,,,,3,,2026-09-05T11:42:23.003418
80,70,1,数学分析,5.3 参变量函数的导数,3,1,manual,,,,,,,,,,,2,,2026-09-05T11:42:23.003418
81,70,1,数学分析,5.4 高阶导数,3,1,manual,,,,,,,,,,,3,,2026-09-05T11:42:23.003418
82,70,1,数学分析,5.5 微分,3,1,manual,,,,,,,,,,,4,,2026-09-05T11:42:23.003418
83,82,1,数学分析,微分的概念,4,1,manual,,,,,,,,,,,0,,2026-09-05T11:42:23.003418
84,82,1,数学分析,微分的运算法则,4,1,manual,,,,,,,,,,,1,,2026-09-05T11:42:23.003418
85,82,1,数学分析,高阶微分,4,1,manual,,,,,,,,,,,2,,2026-09-05T11:42:23.003418
86,82,1,数学分析,微分在近似计算中的应用,4,1,manual,,,,,,,,,,,3,,2026-09-05T11:42:23.003418
87,1,1,数学分析,第六章 微分中值定理及其应用,2,1,manual,本章围绕微分中值定理展开，系统学习拉格朗日定理、柯西中值定理及泰勒公式，并应用于函数单调性、极值、凸性与拐点分析，最终掌握函数图像讨论与方程近似解。它是连接导数与函数性质的核心桥梁，是数学分析中应用导数研究函数形态的关键章节，为后续积分学与数值计算奠定基础。,,,,,,,,,,5,,2026-09-05T11:42:23.003418
88,87,1,数学分析,6.1 拉格朗日定理和函数的单调性,3,1,manual,本小节核心为罗尔定理与拉格朗日定理，后者是微分中值定理的关键，用于证明函数单调性。重点掌握定理条件与结论，会构造辅助函数，能利用导数符号判断单调区间。考点常涉及中值定理证明题及单调性应用。,,,,,,,,,,0,,2026-09-05T11:42:23.003418
89,88,1,数学分析,罗尔定理,4,1,manual,,,,,,,,,,,0,,2026-09-05T11:42:23.003418
90,88,1,数学分析,拉格朗日定理,4,1,manual,,,,,,,,,,,1,,2026-09-05T11:42:23.003418
91,88,1,数学分析,单调函数,4,1,manual,,,,,,,,,,,2,,2026-09-05T11:42:23.003418
92,87,1,数学分析,6.2 柯西中值定理和不定式极限,3,1,manual,,,,,,,,,,,1,,2026-09-05T11:42:23.003418
93,92,1,数学分析,柯西中值定理,4,1,manual,,,,,,,,,,,0,,2026-09-05T11:42:23.003418
94,92,1,数学分析,不定式极限,4,1,manual,,,,,,,,,,,1,,2026-09-05T11:42:23.003418
95,87,1,数学分析,6.3 泰勒公式,3,1,manual,,,,,,,,,,,2,,2026-09-05T11:42:23.003418
96,95,1,数学分析,带有佩亚诺型余项的泰勒公式,4,1,manual,,,,,,,,,,,0,,2026-09-05T11:42:23.003418
97,95,1,数学分析,带有拉格朗日型余项的泰勒公式,4,1,manual,,,,,,,,,,,1,,2026-09-05T11:42:23.003418
98,87,1,数学分析,6.4 函数的极值与最大最小值,3,1,manual,,,,,,,,,,,3,,2026-09-05T11:42:23.003418
99,98,1,数学分析,极值判别,4,1,manual,,,,,,,,,,,0,,2026-09-05T11:42:23.003418
100,98,1,数学分析,最大值与最小值,4,1,manual,,,,,,,,,,,1,,2026-09-05T11:42:23.003418
101,87,1,数学分析,6.5 函数的凸性与拐点,3,1,manual,,,,,,,,,,,4,,2026-09-05T11:42:23.003418
102,87,1,数学分析,6.6 函数图像的讨论,3,1,manual,,,,,,,,,,,5,,2026-09-05T11:42:23.003418
103,87,1,数学分析,6.7 方程的近似解,3,1,manual,,,,,,,,,,,6,,2026-09-05T11:42:23.003418
104,1,1,数学分析,第七章 实数的完备性,2,1,manual,本章围绕实数完备性展开，系统介绍六大基本定理及其等价关系，并以此为基础严格证明闭区间上连续函数的性质，同时引入上、下极限工具。该章是数学分析从直观计算转向严密论证的枢纽，为后续极限理论、微分积分奠定逻辑基石。学习重点在于理解完备性本质，掌握定理间的互推脉络，并会运用致密性定理、有限覆盖定理等处理分析问题。,,,,,,,,,,6,,2026-09-05T11:42:23.003418
105,104,1,数学分析,7.1 关于实数集完备性的基本定理,3,1,manual,本小节介绍实数完备性的核心定理：区间套定理、聚点定理与有限覆盖定理，并强调它们与确界原理等价的逻辑链条。学习重点是理解各定理条件与结论，掌握用区间套证聚点、用有限覆盖证紧性的典型方法。考点常为定理证明、反例辨析及等价性推导。,,,,,,,,,,0,,2026-09-05T11:42:23.003418
106,105,1,数学分析,区间套定理,4,1,manual,,,,,,,,,,,0,,2026-09-05T11:42:23.003418
107,105,1,数学分析,聚点定理与有限覆盖定理,4,1,manual,,,,,,,,,,,1,,2026-09-05T11:42:23.003418
108,105,1,数学分析,实数完备性基本定理的等价性,4,1,manual,,,,,,,,,,,2,,2026-09-05T11:42:23.003418
109,104,1,数学分析,7.2 闭区间上连续函数性质的证明,3,1,manual,,,,,,,,,,,1,,2026-09-05T11:42:23.003418
110,104,1,数学分析,7.3 上极限和下极限,3,1,manual,,,,,,,,,,,2,,2026-09-05T11:42:23.003418
111,1,1,数学分析,第八章 不定积分,2,1,manual,本章系统介绍不定积分的概念、基本积分公式，重点掌握换元积分法与分部积分法，并学习有理函数及可化为有理函数的不定积分。作为积分学的起点，它为定积分、微分方程等后续内容奠定基础。核心是理解原函数与积分常数，熟练运用凑微分、变量代换和分部积分等基本方法。,,,,,,,,,,7,,2026-09-05T11:42:23.003418
112,111,1,数学分析,8.1 不定积分概念与基本积分公式,3,1,manual,本小节引入原函数与不定积分概念，明确积分是求导的逆运算；需熟记基本积分表公式，掌握通过求导验证原函数的方法。重点考查不定积分定义、原函数存在性及基本公式的直接应用，常以填空或简单计算题出现。,,,,,,,,,,0,,2026-09-05T11:42:23.003418
113,112,1,数学分析,原函数与不定积分,4,1,manual,,,,,,,,,,,0,,2026-09-05T11:42:23.003418
114,112,1,数学分析,基本积分表,4,1,manual,,,,,,,,,,,1,,2026-09-05T11:42:23.003418
115,111,1,数学分析,8.2 换元积分法与分部积分法,3,1,manual,,,,,,,,,,,1,,2026-09-05T11:42:23.003418
116,115,1,数学分析,换元积分法,4,1,manual,,,,,,,,,,,0,,2026-09-05T11:42:23.003418
117,115,1,数学分析,分部积分法,4,1,manual,,,,,,,,,,,1,,2026-09-05T11:42:23.003418
118,111,1,数学分析,8.3 有理函数和可化为有理函数的不定积分,3,1,manual,,,,,,,,,,,2,,2026-09-05T11:42:23.003418
119,118,1,数学分析,有理函数的不定积分,4,1,manual,,,,,,,,,,,0,,2026-09-05T11:42:23.003418
120,118,1,数学分析,三角函数有理式的不定积分,4,1,manual,,,,,,,,,,,1,,2026-09-05T11:42:23.003418
121,118,1,数学分析,某些无理根式的不定积分,4,1,manual,,,,,,,,,,,2,,2026-09-05T11:42:23.003418
122,1,1,数学分析,第九章 定积分,2,1,manual,本章系统引入定积分概念，重点掌握牛顿-莱布尼茨公式、可积条件及定积分性质，并理解微积分学基本定理与计算技巧。定积分是连接微分与积分的核心桥梁，为后续多元积分、级数等奠定基础。需熟练运用定义、性质及可积性理论分析问题。,,,,,,,,,,8,,2026-09-05T11:42:23.003418
123,122,1,数学分析,9.1 定积分概念,3,1,manual,定积分源于曲边梯形面积等实际问题，核心是“分割、近似、求和、取极限”。学习重点为理解定积分定义中极限的存在性，掌握可积条件。常见考点是判断函数可积性及利用定义求简单极限。,,,,,,,,,,0,,2026-09-05T11:42:23.003418
124,123,1,数学分析,问题提出,4,1,manual,,,,,,,,,,,0,,2026-09-05T11:42:23.003418
125,123,1,数学分析,定积分的定义,4,1,manual,,,,,,,,,,,1,,2026-09-05T11:42:23.003418
126,122,1,数学分析,9.2 牛顿-莱布尼茨公式,3,1,manual,,,,,,,,,,,1,,2026-09-05T11:42:23.003418
127,122,1,数学分析,9.3 可积条件,3,1,manual,,,,,,,,,,,2,,2026-09-05T11:42:23.003418
128,127,1,数学分析,可积的必要条件,4,1,manual,,,,,,,,,,,0,,2026-09-05T11:42:23.003418
129,127,1,数学分析,可积的充要条件,4,1,manual,,,,,,,,,,,1,,2026-09-05T11:42:23.003418
130,127,1,数学分析,可积函数类,4,1,manual,,,,,,,,,,,2,,2026-09-05T11:42:23.003418
131,122,1,数学分析,9.4 定积分的性质,3,1,manual,,,,,,,,,,,3,,2026-09-05T11:42:23.003418
132,131,1,数学分析,定积分的基本性质,4,1,manual,,,,,,,,,,,0,,2026-09-05T11:42:23.003418
133,131,1,数学分析,积分中值定理,4,1,manual,,,,,,,,,,,1,,2026-09-05T11:42:23.003418
134,122,1,数学分析,9.5 微积分学基本定理·定积分计算,3,1,manual,,,,,,,,,,,4,,2026-09-05T11:42:23.003418
135,134,1,数学分析,变限积分与原函数的存在性,4,1,manual,,,,,,,,,,,0,,2026-09-05T11:42:23.003418
136,134,1,数学分析,换元积分法,4,1,manual,,,,,,,,,,,1,,2026-09-05T11:42:23.003418
137,134,1,数学分析,分部积分法,4,1,manual,,,,,,,,,,,2,,2026-09-05T11:42:23.003418
138,122,1,数学分析,9.6 可积性理论补叙,3,1,manual,,,,,,,,,,,5,,2026-09-05T11:42:23.003418
139,1,1,数学分析,第十章 定积分的应用,2,1,manual,本章系统展示定积分作为“和式极限”工具在几何与物理中的应用，重点掌握微元法：通过分割、近似、求和、取极限建立积分式。核心内容包括平面图形面积、平行截面体积、弧长与曲率、旋转曲面面积，以及功、压力等物理量计算，并介绍梯形法、抛物线法等近似计算。本章深化对定积分本质的理解，是连接理论计算与实际建模的重要桥梁。,,,,,,,,,,9,,2026-09-05T11:42:23.003418
140,139,1,数学分析,10.1 平面图形的面积,3,1,manual,定积分求平面图形面积的核心是元素法：将图形分割为微元，面积化为定积分。重点在于选择积分变量（x或y），正确确定上下限及被积函数（上减下或右减左）。常见考点为求两曲线围成区域的面积，需先求交点。,,,,,,,,,,0,,2026-09-05T11:42:23.003418
141,139,1,数学分析,10.2 由平行截面面积求体积,3,1,manual,,,,,,,,,,,1,,2026-09-05T11:42:23.003418
142,139,1,数学分析,10.3 平面曲线的弧长与曲率,3,1,manual,,,,,,,,,,,2,,2026-09-05T11:42:23.003418
143,142,1,数学分析,平面曲线的弧长,4,1,manual,,,,,,,,,,,0,,2026-09-05T11:42:23.003418
144,142,1,数学分析,曲率,4,1,manual,,,,,,,,,,,1,,2026-09-05T11:42:23.003418
145,139,1,数学分析,10.4 旋转曲面的面积,3,1,manual,,,,,,,,,,,3,,2026-09-05T11:42:23.003418
146,139,1,数学分析,10.5 定积分在物理中的某些应用,3,1,manual,,,,,,,,,,,4,,2026-09-05T11:42:23.003418
147,146,1,数学分析,液体静压力,4,1,manual,,,,,,,,,,,0,,2026-09-05T11:42:23.003418
148,146,1,数学分析,引力,4,1,manual,,,,,,,,,,,1,,2026-09-05T11:42:23.003418
149,146,1,数学分析,功与平均功率,4,1,manual,,,,,,,,,,,2,,2026-09-05T11:42:23.003418
150,139,1,数学分析,10.6 定积分的近似计算,3,1,manual,,,,,,,,,,,5,,2026-09-05T11:42:23.003418
151,1,1,数学分析,第十一章 反常积分,2,1,manual,本章将定积分推广至无穷区间与无界函数情形，引入反常积分（无穷限积分与瑕积分）的概念，重点掌握其收敛性判别法，如比较判别法、极限比较法、狄利克雷判别法与阿贝尔判别法等。该章是数学分析中连接定积分与后续级数理论的重要桥梁，深刻理解“反常”本质与收敛思想，对处理含参变量积分及傅里叶分析等后续内容具有基础性作用。,,,,,,,,,,10,,2026-09-05T11:42:23.003418
152,151,1,数学分析,11.1 反常积分概念,3,1,manual,,,,,,,,,,,0,,2026-09-05T11:42:23.003418
153,152,1,数学分析,问题提出,4,1,manual,,,,,,,,,,,0,,2026-09-05T11:42:23.003418
154,152,1,数学分析,两类反常积分的定义,4,1,manual,,,,,,,,,,,1,,2026-09-05T11:42:23.003418
155,151,1,数学分析,11.2 无穷限反常积分的性质与收敛判别,3,1,manual,,,,,,,,,,,1,,2026-09-05T11:42:23.003418
156,155,1,数学分析,无穷限反常积分的性质,4,1,manual,,,,,,,,,,,0,,2026-09-05T11:42:23.003418
157,155,1,数学分析,比较判别法,4,1,manual,,,,,,,,,,,1,,2026-09-05T11:42:23.003418
158,155,1,数学分析,柯西判别法,4,1,manual,,,,,,,,,,,2,,2026-09-05T11:42:23.003418
159,155,1,数学分析,阿贝尔判别法与狄利克雷判别法,4,1,manual,,,,,,,,,,,3,,2026-09-05T11:42:23.003418
160,151,1,数学分析,11.3 瑕积分的性质与收敛判别,3,1,manual,,,,,,,,,,,2,,2026-09-05T11:42:23.003418
161,160,1,数学分析,瑕积分的性质,4,1,manual,,,,,,,,,,,0,,2026-09-05T11:42:23.003418
162,160,1,数学分析,比较判别法,4,1,manual,,,,,,,,,,,1,,2026-09-05T11:42:23.003418
163,1,1,数学分析,第十二章 数项级数,2,1,manual,本章系统研究数项级数的收敛理论，是数学分析中连接数列极限与函数项级数的桥梁。核心内容包括：通过部分和数列定义级数收敛性，掌握Cauchy收敛准则；对正项级数，重点运用比较判别法、比值判别法与根值判别法；对一般项级数，掌握Leibniz判别法、绝对收敛与条件收敛的概念。学习重点在于判断各类级数的敛散性，为后续函数项级数与Fourier级数奠定基础。,,,,,,,,,,11,,2026-09-05T11:42:23.003418
164,163,1,数学分析,12.1 级数的收敛性,3,1,manual,,,,,,,,,,,0,,2026-09-05T11:42:23.003418
165,164,1,数学分析,级数的概念,4,1,manual,,,,,,,,,,,0,,2026-09-05T11:42:23.003418
166,164,1,数学分析,收敛级数的性质,4,1,manual,,,,,,,,,,,1,,2026-09-05T11:42:23.003418
167,163,1,数学分析,12.2 正项级数,3,1,manual,,,,,,,,,,,1,,2026-09-05T11:42:23.003418
168,167,1,数学分析,比较判别法,4,1,manual,,,,,,,,,,,0,,2026-09-05T11:42:23.003418
169,167,1,数学分析,比式判别法与根式判别法,4,1,manual,,,,,,,,,,,1,,2026-09-05T11:42:23.003418
170,167,1,数学分析,积分判别法,4,1,manual,,,,,,,,,,,2,,2026-09-05T11:42:23.003418
171,167,1,数学分析,拉贝判别法,4,1,manual,,,,,,,,,,,3,,2026-09-05T11:42:23.003418
172,163,1,数学分析,12.3 一般项级数,3,1,manual,,,,,,,,,,,2,,2026-09-05T11:42:23.003418
173,172,1,数学分析,交错级数,4,1,manual,,,,,,,,,,,0,,2026-09-05T11:42:23.003418
174,172,1,数学分析,绝对收敛与条件收敛,4,1,manual,,,,,,,,,,,1,,2026-09-05T11:42:23.003418
175,172,1,数学分析,阿贝尔判别法与狄利克雷判别法,4,1,manual,,,,,,,,,,,2,,2026-09-05T11:42:23.003418
176,172,1,数学分析,一般项级数的重排,4,1,manual,,,,,,,,,,,3,,2026-09-05T11:42:23.003418
177,1,1,数学分析,第十三章 函数列与函数项级数,2,1,manual,本章研究函数列与函数项级数的一致收敛性及其性质，核心是区分逐点收敛与一致收敛，掌握M判别法、极限交换定理等。该章是数学分析从有限运算过渡到无限运算的关键，为后续幂级数、傅里叶级数奠定严格基础。重点包括一致收敛的判定、连续性、可积性与可微性在一致收敛下的保持条件。,,,,,,,,,,12,,2026-09-05T11:42:23.003418
178,177,1,数学分析,13.1 一致收敛性,3,1,manual,,,,,,,,,,,0,,2026-09-05T11:42:23.003418
179,178,1,数学分析,函数列及其一致收敛性,4,1,manual,,,,,,,,,,,0,,2026-09-05T11:42:23.003418
180,178,1,数学分析,函数项级数及其一致收敛性,4,1,manual,,,,,,,,,,,1,,2026-09-05T11:42:23.003418
181,178,1,数学分析,函数项级数的一致收敛性判别法,4,1,manual,,,,,,,,,,,2,,2026-09-05T11:42:23.003418
182,177,1,数学分析,13.2 一致收敛函数列与函数项级数的性质,3,1,manual,,,,,,,,,,,1,,2026-09-05T11:42:23.003418
183,182,1,数学分析,极限函数与和函数的连续性,4,1,manual,,,,,,,,,,,0,,2026-09-05T11:42:23.003418
184,182,1,数学分析,逐项求积与逐项求导,4,1,manual,,,,,,,,,,,1,,2026-09-05T11:42:23.003418
185,1,1,数学分析,第十四章 幂级数,2,1,manual,本章围绕幂级数的收敛性、性质及函数展开展开，重点掌握收敛半径与收敛域的判定、幂级数的逐项求导与积分，以及将初等函数展开为泰勒级数的方法。引入复变量指数函数并导出欧拉公式，体现幂级数在实数与复数域的桥梁作用。作为从多项式逼近到函数级数理论的核心章节，它为后续傅里叶级数和微分方程求解奠定基础。,,,,,,,,,,13,,2026-09-05T11:42:23.003418
186,185,1,数学分析,14.1 幂级数,3,1,manual,,,,,,,,,,,0,,2026-09-05T11:42:23.003418
187,186,1,数学分析,幂级数的收敛区间,4,1,manual,,,,,,,,,,,0,,2026-09-05T11:42:23.003418
188,186,1,数学分析,幂级数的性质,4,1,manual,,,,,,,,,,,1,,2026-09-05T11:42:23.003418
189,185,1,数学分析,14.2 函数的幂级数展开,3,1,manual,,,,,,,,,,,1,,2026-09-05T11:42:23.003418
190,189,1,数学分析,泰勒级数,4,1,manual,,,,,,,,,,,0,,2026-09-05T11:42:23.003418
191,189,1,数学分析,初等函数的幂级数展开,4,1,manual,,,,,,,,,,,1,,2026-09-05T11:42:23.003418
192,185,1,数学分析,14.3 复变量的指数函数·欧拉公式,3,1,manual,,,,,,,,,,,2,,2026-09-05T11:42:23.003418
193,1,1,数学分析,第十五章 傅里叶级数,2,1,manual,本章系统引入傅里叶级数，核心是将周期函数分解为三角级数，重点掌握傅里叶系数公式、以2l为周期的展开式及收敛定理（狄利克雷条件）。该章是数学分析从函数表示到逼近论的重要桥梁，为后续傅里叶分析奠定基础。学习时需理解正交系、周期延拓、逐点收敛与一致收敛的区别，并熟练计算常见函数的傅里叶展开式。,,,,,,,,,,14,,2026-09-05T11:42:23.003418
194,193,1,数学分析,15.1 傅里叶级数,3,1,manual,,,,,,,,,,,0,,2026-09-05T11:42:23.003418
195,194,1,数学分析,三角级数·正交函数系,4,1,manual,,,,,,,,,,,0,,2026-09-05T11:42:23.003418
196,194,1,数学分析,以2π为周期的函数的傅里叶级数,4,1,manual,,,,,,,,,,,1,,2026-09-05T11:42:23.003418
197,194,1,数学分析,收敛定理,4,1,manual,,,,,,,,,,,2,,2026-09-05T11:42:23.003418
198,193,1,数学分析,15.2 以2l为周期的函数的展开式,3,1,manual,,,,,,,,,,,1,,2026-09-05T11:42:23.003418
199,198,1,数学分析,以2l为周期的函数的傅里叶级数,4,1,manual,,,,,,,,,,,0,,2026-09-05T11:42:23.003418
200,198,1,数学分析,偶函数与奇函数的傅里叶级数,4,1,manual,,,,,,,,,,,1,,2026-09-05T11:42:23.003418
201,193,1,数学分析,15.3 收敛定理的证明,3,1,manual,,,,,,,,,,,2,,2026-09-05T11:42:23.003418
202,1,1,数学分析,第十六章 多元函数的极限与连续,2,1,manual,本章从平面点集与多元函数入手，系统引入二元函数的极限与连续性，重点掌握重极限的计算与证明、累次极限与重极限的区别，以及连续性的定义与性质。该章是数学分析由一元向多元过渡的关键环节，为后续偏导数、全微分及多元积分奠定基础。核心概念包括聚点、开闭区域、二重极限、连续性与一致连续。,,,,,,,,,,15,,2026-09-05T11:42:23.003418
203,202,1,数学分析,16.1 平面点集与多元函数,3,1,manual,,,,,,,,,,,0,,2026-09-05T11:42:23.003418
204,203,1,数学分析,平面点集,4,1,manual,,,,,,,,,,,0,,2026-09-05T11:42:23.003418
205,203,1,数学分析,R²上的完备性定理,4,1,manual,,,,,,,,,,,1,,2026-09-05T11:42:23.003418
206,203,1,数学分析,二元函数,4,1,manual,,,,,,,,,,,2,,2026-09-05T11:42:23.003418
207,203,1,数学分析,n元函数,4,1,manual,,,,,,,,,,,3,,2026-09-05T11:42:23.003418
208,202,1,数学分析,16.2 二元函数的极限,3,1,manual,,,,,,,,,,,1,,2026-09-05T11:42:23.003418
209,208,1,数学分析,二元函数的极限,4,1,manual,,,,,,,,,,,0,,2026-09-05T11:42:23.003418
210,208,1,数学分析,累次极限,4,1,manual,,,,,,,,,,,1,,2026-09-05T11:42:23.003418
211,202,1,数学分析,16.3 二元函数的连续性,3,1,manual,,,,,,,,,,,2,,2026-09-05T11:42:23.003418
212,211,1,数学分析,二元函数的连续性概念,4,1,manual,,,,,,,,,,,0,,2026-09-05T11:42:23.003418
213,211,1,数学分析,有界闭域上连续函数的性质,4,1,manual,,,,,,,,,,,1,,2026-09-05T11:42:23.003418
214,1,1,数学分析,第十七章 多元函数微分学,2,1,manual,本章系统建立多元函数的微分学理论，核心包括可微性、偏导数与全微分的关系，复合函数求导法则（链式法则），方向导数与梯度的几何意义，以及多元泰勒公式与极值判定。它是单变量微分学的自然推广，也是后续曲线曲面积分、最优化问题的基础。学习中应重点掌握可微的判定、链式法则的运用及极值充分条件的推导。,,,,,,,,,,16,,2026-09-05T11:42:23.003418
215,214,1,数学分析,17.1 可微性,3,1,manual,,,,,,,,,,,0,,2026-09-05T11:42:23.003418
216,215,1,数学分析,可微性与全微分,4,1,manual,,,,,,,,,,,0,,2026-09-05T11:42:23.003418
217,215,1,数学分析,偏导数,4,1,manual,,,,,,,,,,,1,,2026-09-05T11:42:23.003418
218,215,1,数学分析,可微性条件,4,1,manual,,,,,,,,,,,2,,2026-09-05T11:42:23.003418
219,215,1,数学分析,可微性几何意义及应用,4,1,manual,,,,,,,,,,,3,,2026-09-05T11:42:23.003418
220,214,1,数学分析,17.2 复合函数微分法,3,1,manual,,,,,,,,,,,1,,2026-09-05T11:42:23.003418
221,220,1,数学分析,复合函数的求导法则,4,1,manual,,,,,,,,,,,0,,2026-09-05T11:42:23.003418
222,220,1,数学分析,复合函数的全微分,4,1,manual,,,,,,,,,,,1,,2026-09-05T11:42:23.003418
223,214,1,数学分析,17.3 方向导数与梯度,3,1,manual,,,,,,,,,,,2,,2026-09-05T11:42:23.003418
224,214,1,数学分析,17.4 泰勒公式与极值问题,3,1,manual,,,,,,,,,,,3,,2026-09-05T11:42:23.003418
225,224,1,数学分析,高阶偏导数,4,1,manual,,,,,,,,,,,0,,2026-09-05T11:42:23.003418
226,224,1,数学分析,中值定理和泰勒公式,4,1,manual,,,,,,,,,,,1,,2026-09-05T11:42:23.003418
227,224,1,数学分析,极值问题,4,1,manual,,,,,,,,,,,2,,2026-09-05T11:42:23.003418
228,1,1,数学分析,第十八章 隐函数定理及其应用,2,1,manual,本章系统建立隐函数存在性定理与隐函数组理论，核心是隐函数求导法及其在几何与极值问题中的应用。重点掌握隐函数（组）存在条件、偏导数计算，以及空间曲线切线与法平面、曲面切平面与法线的几何应用；条件极值需熟练运用拉格朗日乘数法。作为多元微分学的深化与工具，本章为后续重积分、曲线曲面积分及最值问题提供重要基础。,,,,,,,,,,17,,2026-09-05T11:42:23.003418
229,228,1,数学分析,18.1 隐函数,3,1,manual,,,,,,,,,,,0,,2026-09-05T11:42:23.003418
230,229,1,数学分析,隐函数的概念,4,1,manual,,,,,,,,,,,0,,2026-09-05T11:42:23.003418
231,229,1,数学分析,隐函数存在性条件的分析,4,1,manual,,,,,,,,,,,1,,2026-09-05T11:42:23.003418
232,229,1,数学分析,隐函数定理,4,1,manual,,,,,,,,,,,2,,2026-09-05T11:42:23.003418
233,229,1,数学分析,隐函数求导举例,4,1,manual,,,,,,,,,,,3,,2026-09-05T11:42:23.003418
234,228,1,数学分析,18.2 隐函数组,3,1,manual,,,,,,,,,,,1,,2026-09-05T11:42:23.003418
235,234,1,数学分析,隐函数组的概念,4,1,manual,,,,,,,,,,,0,,2026-09-05T11:42:23.003418
236,234,1,数学分析,隐函数组定理,4,1,manual,,,,,,,,,,,1,,2026-09-05T11:42:23.003418
237,234,1,数学分析,反函数组与坐标变换,4,1,manual,,,,,,,,,,,2,,2026-09-05T11:42:23.003418
238,228,1,数学分析,18.3 几何应用,3,1,manual,,,,,,,,,,,2,,2026-09-05T11:42:23.003418
239,238,1,数学分析,平面曲线的切线与法线,4,1,manual,,,,,,,,,,,0,,2026-09-05T11:42:23.003418
240,238,1,数学分析,空间曲线的切线与法平面,4,1,manual,,,,,,,,,,,1,,2026-09-05T11:42:23.003418
241,238,1,数学分析,曲面的切平面与法线,4,1,manual,,,,,,,,,,,2,,2026-09-05T11:42:23.003418
242,228,1,数学分析,18.4 条件极值,3,1,manual,,,,,,,,,,,3,,2026-09-05T11:42:23.003418
243,242,1,数学分析,拉格朗日乘数法,4,1,manual,,,,,,,,,,,0,,2026-09-05T11:42:23.003418
244,242,1,数学分析,用拉格朗日乘数法求极值,4,1,manual,,,,,,,,,,,1,,2026-09-05T11:42:23.003418
245,1,1,数学分析,第十九章 含参量积分,2,1,manual,本章研究含参量积分的性质与计算，核心在于讨论积分关于参数的连续性、可微性与可积性，重点掌握一致收敛的判别法及其应用。含参量正常积分与反常积分是分析中交换极限与积分顺序的重要工具，欧拉积分（Beta函数与Gamma函数）则是典型应用。本章深化了积分与极限理论，为后续实分析、微分方程及概率论等课程提供基础方法。,,,,,,,,,,18,,2026-09-05T11:42:23.003418
246,245,1,数学分析,19.1 含参量正常积分,3,1,manual,,,,,,,,,,,0,,2026-09-05T11:42:23.003418
247,246,1,数学分析,含参量积分的连续性,4,1,manual,,,,,,,,,,,0,,2026-09-05T11:42:23.003418
248,246,1,数学分析,含参量积分的可微性,4,1,manual,,,,,,,,,,,1,,2026-09-05T11:42:23.003418
249,246,1,数学分析,含参量积分的可积性,4,1,manual,,,,,,,,,,,2,,2026-09-05T11:42:23.003418
250,245,1,数学分析,19.2 含参量反常积分,3,1,manual,,,,,,,,,,,1,,2026-09-05T11:42:23.003418
251,250,1,数学分析,一致收敛性,4,1,manual,,,,,,,,,,,0,,2026-09-05T11:42:23.003418
252,250,1,数学分析,一致收敛性判别,4,1,manual,,,,,,,,,,,1,,2026-09-05T11:42:23.003418
253,250,1,数学分析,含参量反常积分的性质,4,1,manual,,,,,,,,,,,2,,2026-09-05T11:42:23.003418
254,245,1,数学分析,19.3 欧拉积分,3,1,manual,,,,,,,,,,,2,,2026-09-05T11:42:23.003418
255,254,1,数学分析,Γ函数,4,1,manual,,,,,,,,,,,0,,2026-09-05T11:42:23.003418
256,254,1,数学分析,B函数,4,1,manual,,,,,,,,,,,1,,2026-09-05T11:42:23.003418
257,254,1,数学分析,Γ函数与B函数的关系,4,1,manual,,,,,,,,,,,2,,2026-09-05T11:42:23.003418
258,1,1,数学分析,第二十章 曲线积分,2,1,manual,本章学习两类曲线积分：第一型（对弧长）与第二型（对坐标），掌握其计算方法与物理意义。重点掌握格林公式及其应用，理解曲线积分与路径无关的等价条件，并能熟练判断与计算。本章是多元积分学的核心环节，承前启后，为曲面积分及场论（如势函数、环量）奠定基础，是数学分析综合性考查的重要内容。,,,,,,,,,,19,,2026-09-05T11:42:23.003418
259,258,1,数学分析,20.1 第一型曲线积分,3,1,manual,,,,,,,,,,,0,,2026-09-05T11:42:23.003418
260,259,1,数学分析,第一型曲线积分的定义,4,1,manual,,,,,,,,,,,0,,2026-09-05T11:42:23.003418
261,259,1,数学分析,第一型曲线积分的计算,4,1,manual,,,,,,,,,,,1,,2026-09-05T11:42:23.003418
262,258,1,数学分析,20.2 第二型曲线积分,3,1,manual,,,,,,,,,,,1,,2026-09-05T11:42:23.003418
263,262,1,数学分析,第二型曲线积分的定义,4,1,manual,,,,,,,,,,,0,,2026-09-05T11:42:23.003418
264,262,1,数学分析,第二型曲线积分的计算,4,1,manual,,,,,,,,,,,1,,2026-09-05T11:42:23.003418
265,262,1,数学分析,两类曲线积分的联系,4,1,manual,,,,,,,,,,,2,,2026-09-05T11:42:23.003418
266,258,1,数学分析,20.3 格林公式·曲线积分与路径的无关性,3,1,manual,,,,,,,,,,,2,,2026-09-05T11:42:23.003418
267,266,1,数学分析,格林公式,4,1,manual,,,,,,,,,,,0,,2026-09-05T11:42:23.003418
268,266,1,数学分析,曲线积分与路径的无关性,4,1,manual,,,,,,,,,,,1,,2026-09-05T11:42:23.003418
269,266,1,数学分析,二元函数的全微分求积,4,1,manual,,,,,,,,,,,2,,2026-09-05T11:42:23.003418
270,1,1,数学分析,第二十一章 重积分,2,1,manual,本章系统学习重积分理论，从二重积分概念出发，掌握直角坐标与变量变换下的计算方法，理解格林公式及曲线积分路径无关性，并推广至三重、n重及反常积分。重积分是多元微积分的核心，连接微分与积分应用，为后续数学分析及物理、工程提供基础工具。重点包括化累次积分、换元法、格林公式及几何物理应用。,,,,,,,,,,20,,2026-09-05T11:42:23.003418
271,270,1,数学分析,21.1 二重积分概念,3,1,manual,,,,,,,,,,,0,,2026-09-05T11:42:23.003418
272,271,1,数学分析,平面图形的面积,4,1,manual,,,,,,,,,,,0,,2026-09-05T11:42:23.003418
273,271,1,数学分析,二重积分的定义及其存在性,4,1,manual,,,,,,,,,,,1,,2026-09-05T11:42:23.003418
274,271,1,数学分析,二重积分的性质,4,1,manual,,,,,,,,,,,2,,2026-09-05T11:42:23.003418
275,270,1,数学分析,21.2 直角坐标系下二重积分的计算,3,1,manual,,,,,,,,,,,1,,2026-09-05T11:42:23.003418
276,275,1,数学分析,矩形区域上的二重积分,4,1,manual,,,,,,,,,,,0,,2026-09-05T11:42:23.003418
277,275,1,数学分析,一般区域上的二重积分,4,1,manual,,,,,,,,,,,1,,2026-09-05T11:42:23.003418
278,270,1,数学分析,21.3 格林公式·曲线积分与路径的无关性,3,1,manual,,,,,,,,,,,2,,2026-09-05T11:42:23.003418
279,270,1,数学分析,21.4 二重积分的变量变换,3,1,manual,,,,,,,,,,,3,,2026-09-05T11:42:23.003418
280,279,1,数学分析,二重积分的变量变换公式,4,1,manual,,,,,,,,,,,0,,2026-09-05T11:42:23.003418
281,279,1,数学分析,用极坐标计算二重积分,4,1,manual,,,,,,,,,,,1,,2026-09-05T11:42:23.003418
282,270,1,数学分析,21.5 三重积分,3,1,manual,,,,,,,,,,,4,,2026-09-05T11:42:23.003418
283,282,1,数学分析,三重积分的概念,4,1,manual,,,,,,,,,,,0,,2026-09-05T11:42:23.003418
284,282,1,数学分析,化三重积分为累次积分,4,1,manual,,,,,,,,,,,1,,2026-09-05T11:42:23.003418
285,282,1,数学分析,三重积分换元法,4,1,manual,,,,,,,,,,,2,,2026-09-05T11:42:23.003418
286,270,1,数学分析,21.6 重积分的应用,3,1,manual,,,,,,,,,,,5,,2026-09-05T11:42:23.003418
287,286,1,数学分析,曲面的面积,4,1,manual,,,,,,,,,,,0,,2026-09-05T11:42:23.003418
288,286,1,数学分析,质心,4,1,manual,,,,,,,,,,,1,,2026-09-05T11:42:23.003418
289,286,1,数学分析,转动惯量,4,1,manual,,,,,,,,,,,2,,2026-09-05T11:42:23.003418
290,286,1,数学分析,引力,4,1,manual,,,,,,,,,,,3,,2026-09-05T11:42:23.003418
291,270,1,数学分析,21.7 n重积分,3,1,manual,,,,,,,,,,,6,,2026-09-05T11:42:23.003418
292,270,1,数学分析,21.8 反常二重积分,3,1,manual,,,,,,,,,,,7,,2026-09-05T11:42:23.003418
293,1,1,数学分析,第二十二章 曲面积分,2,1,manual,本章系统研究曲面积分：第一型化为二重积分，第二型依赖定向并联系通量；高斯公式与斯托克斯公式分别实现面积分与三重积分、曲线积分的互化，是计算与理论的核心工具。场论初步引入梯度、散度、旋度，揭示积分公式的物理意义。作为数学分析收官章节，它整合多元微积分方法，为后续微分几何、偏微分方程及物理应用奠定基础。,,,,,,,,,,21,,2026-09-05T11:42:23.003418
294,293,1,数学分析,22.1 第一型曲面积分,3,1,manual,,,,,,,,,,,0,,2026-09-05T11:42:23.003418
295,294,1,数学分析,第一型曲面积分的概念,4,1,manual,,,,,,,,,,,0,,2026-09-05T11:42:23.003418
296,294,1,数学分析,第一型曲面积分的计算,4,1,manual,,,,,,,,,,,1,,2026-09-05T11:42:23.003418
297,293,1,数学分析,22.2 第二型曲面积分,3,1,manual,,,,,,,,,,,1,,2026-09-05T11:42:23.003418
298,297,1,数学分析,曲面的侧,4,1,manual,,,,,,,,,,,0,,2026-09-05T11:42:23.003418
299,297,1,数学分析,第二型曲面积分的概念,4,1,manual,,,,,,,,,,,1,,2026-09-05T11:42:23.003418
300,297,1,数学分析,第二型曲面积分的计算,4,1,manual,,,,,,,,,,,2,,2026-09-05T11:42:23.003418
301,297,1,数学分析,两类曲面积分的联系,4,1,manual,,,,,,,,,,,3,,2026-09-05T11:42:23.003418
302,293,1,数学分析,22.3 高斯公式与斯托克斯公式,3,1,manual,,,,,,,,,,,2,,2026-09-05T11:42:23.003418
303,302,1,数学分析,高斯公式,4,1,manual,,,,,,,,,,,0,,2026-09-05T11:42:23.003418
304,302,1,数学分析,斯托克斯公式,4,1,manual,,,,,,,,,,,1,,2026-09-05T11:42:23.003418
305,293,1,数学分析,22.4 场论初步,3,1,manual,,,,,,,,,,,3,,2026-09-05T11:42:23.003418
306,305,1,数学分析,场的概念,4,1,manual,,,,,,,,,,,0,,2026-09-05T11:42:23.003418
307,305,1,数学分析,梯度场,4,1,manual,,,,,,,,,,,1,,2026-09-05T11:42:23.003418
308,305,1,数学分析,散度场,4,1,manual,,,,,,,,,,,2,,2026-09-05T11:42:23.003418
309,305,1,数学分析,旋度场,4,1,manual,,,,,,,,,,,3,,2026-09-05T11:42:23.003418
310,305,1,数学分析,管量场与有势场,4,1,manual,,,,,,,,,,,4,,2026-09-05T11:42:23.003418
311,,2,高等代数,高等代数,1,1,manual,,,,,,,,,,,0,,2026-09-05T11:42:23.003418
312,311,2,高等代数,第一章 多项式,2,1,manual,本章系统建立多项式理论，从数域与一元多项式出发，引入整除、最大公因式、因式分解及重因式，并借助多项式函数与根的关系，完成复、实、有理系数多项式的因式分解，最后推广至多元与对称多项式。它是高等代数的基石，为后续学习线性代数、矩阵理论提供代数结构与运算基础。核心概念包括带余除法、辗转相除法、唯一因式分解定理、重因式判别及有理根定理。,,,,,,,,,,0,,2026-09-05T11:42:23.003418
313,312,2,高等代数,1.1 数域,3,1,manual,,,,,,,,,,,0,,2026-09-05T11:42:23.003418
314,312,2,高等代数,1.2 一元多项式,3,1,manual,,,,,,,,,,,1,,2026-09-05T11:42:23.003418
315,314,2,高等代数,多项式的定义与运算,4,1,manual,,,,,,,,,,,0,,2026-09-05T11:42:23.003418
316,314,2,高等代数,多项式的次数,4,1,manual,,,,,,,,,,,1,,2026-09-05T11:42:23.003418
317,312,2,高等代数,1.3 整除的概念,3,1,manual,,,,,,,,,,,2,,2026-09-05T11:42:23.003418
318,317,2,高等代数,整除的定义,4,1,manual,,,,,,,,,,,0,,2026-09-05T11:42:23.003418
319,317,2,高等代数,整除的性质,4,1,manual,,,,,,,,,,,1,,2026-09-05T11:42:23.003418
320,317,2,高等代数,带余除法,4,1,manual,,,,,,,,,,,2,,2026-09-05T11:42:23.003418
321,312,2,高等代数,1.4 最大公因式,3,1,manual,,,,,,,,,,,3,,2026-09-05T11:42:23.003418
322,321,2,高等代数,最大公因式的定义,4,1,manual,,,,,,,,,,,0,,2026-09-05T11:42:23.003418
323,321,2,高等代数,辗转相除法,4,1,manual,,,,,,,,,,,1,,2026-09-05T11:42:23.003418
324,321,2,高等代数,互素的概念与性质,4,1,manual,,,,,,,,,,,2,,2026-09-05T11:42:23.003418
325,312,2,高等代数,1.5 因式分解定理,3,1,manual,,,,,,,,,,,4,,2026-09-05T11:42:23.003418
326,325,2,高等代数,不可约多项式,4,1,manual,,,,,,,,,,,0,,2026-09-05T11:42:23.003418
327,325,2,高等代数,因式分解及唯一性定理,4,1,manual,,,,,,,,,,,1,,2026-09-05T11:42:23.003418
328,312,2,高等代数,1.6 重因式,3,1,manual,,,,,,,,,,,5,,2026-09-05T11:42:23.003418
329,328,2,高等代数,重因式的定义,4,1,manual,,,,,,,,,,,0,,2026-09-05T11:42:23.003418
330,328,2,高等代数,重因式的判别,4,1,manual,,,,,,,,,,,1,,2026-09-05T11:42:23.003418
331,328,2,高等代数,分离重因式,4,1,manual,,,,,,,,,,,2,,2026-09-05T11:42:23.003418
332,312,2,高等代数,1.7 多项式函数,3,1,manual,,,,,,,,,,,6,,2026-09-05T11:42:23.003418
333,332,2,高等代数,多项式函数的概念,4,1,manual,,,,,,,,,,,0,,2026-09-05T11:42:23.003418
334,332,2,高等代数,余数定理,4,1,manual,,,,,,,,,,,1,,2026-09-05T11:42:23.003418
335,332,2,高等代数,多项式的根,4,1,manual,,,,,,,,,,,2,,2026-09-05T11:42:23.003418
336,312,2,高等代数,1.8 复系数与实系数多项式的因式分解,3,1,manual,,,,,,,,,,,7,,2026-09-05T11:42:23.003418
337,336,2,高等代数,代数基本定理,4,1,manual,,,,,,,,,,,0,,2026-09-05T11:42:23.003418
338,336,2,高等代数,复系数多项式的因式分解,4,1,manual,,,,,,,,,,,1,,2026-09-05T11:42:23.003418
339,336,2,高等代数,实系数多项式的因式分解,4,1,manual,,,,,,,,,,,2,,2026-09-05T11:42:23.003418
340,312,2,高等代数,1.9 有理系数多项式,3,1,manual,,,,,,,,,,,8,,2026-09-05T11:42:23.003418
341,340,2,高等代数,本原多项式,4,1,manual,,,,,,,,,,,0,,2026-09-05T11:42:23.003418
342,340,2,高等代数,高斯引理,4,1,manual,,,,,,,,,,,1,,2026-09-05T11:42:23.003418
343,340,2,高等代数,整系数多项式的有理根,4,1,manual,,,,,,,,,,,2,,2026-09-05T11:42:23.003418
344,340,2,高等代数,艾森斯坦判别法,4,1,manual,,,,,,,,,,,3,,2026-09-05T11:42:23.003418
345,312,2,高等代数,1.10 多元多项式,3,1,manual,,,,,,,,,,,9,,2026-09-05T11:42:23.003418
346,345,2,高等代数,多元多项式的概念,4,1,manual,,,,,,,,,,,0,,2026-09-05T11:42:23.003418
347,345,2,高等代数,字典排列法,4,1,manual,,,,,,,,,,,1,,2026-09-05T11:42:23.003418
348,345,2,高等代数,齐次多项式,4,1,manual,,,,,,,,,,,2,,2026-09-05T11:42:23.003418
349,312,2,高等代数,1.11 对称多项式,3,1,manual,,,,,,,,,,,10,,2026-09-05T11:42:23.003418
350,349,2,高等代数,对称多项式的概念,4,1,manual,,,,,,,,,,,0,,2026-09-05T11:42:23.003418
351,349,2,高等代数,初等对称多项式,4,1,manual,,,,,,,,,,,1,,2026-09-05T11:42:23.003418
352,349,2,高等代数,对称多项式基本定理,4,1,manual,,,,,,,,,,,2,,2026-09-05T11:42:23.003418
353,311,2,高等代数,第二章 行列式,2,1,manual,本章系统引入行列式理论：从排列奇偶性定义n阶行列式，研究其性质与按行（列）展开公式，掌握化三角形、降阶等计算方法，并应用克拉默法则求解线性方程组，最后以拉普拉斯定理推广展开并给出乘法规则。行列式是高等代数的基石工具，贯穿矩阵秩、特征值及线性方程组理论，务必熟练计算与性质推导。,,,,,,,,,,1,,2026-09-05T11:42:23.003418
354,353,2,高等代数,2.1 引言,3,1,manual,,,,,,,,,,,0,,2026-09-05T11:42:23.003418
355,353,2,高等代数,2.2 排列,3,1,manual,,,,,,,,,,,1,,2026-09-05T11:42:23.003418
356,355,2,高等代数,排列的定义,4,1,manual,,,,,,,,,,,0,,2026-09-05T11:42:23.003418
357,355,2,高等代数,逆序数,4,1,manual,,,,,,,,,,,1,,2026-09-05T11:42:23.003418
358,355,2,高等代数,奇排列与偶排列,4,1,manual,,,,,,,,,,,2,,2026-09-05T11:42:23.003418
359,355,2,高等代数,对换,4,1,manual,,,,,,,,,,,3,,2026-09-05T11:42:23.003418
360,353,2,高等代数,2.3 n阶行列式,3,1,manual,,,,,,,,,,,2,,2026-09-05T11:42:23.003418
361,360,2,高等代数,n阶行列式的定义,4,1,manual,,,,,,,,,,,0,,2026-09-05T11:42:23.003418
362,360,2,高等代数,行列式的项,4,1,manual,,,,,,,,,,,1,,2026-09-05T11:42:23.003418
363,353,2,高等代数,2.4 n阶行列式的性质,3,1,manual,,,,,,,,,,,3,,2026-09-05T11:42:23.003418
364,363,2,高等代数,行列式的基本性质,4,1,manual,,,,,,,,,,,0,,2026-09-05T11:42:23.003418
365,363,2,高等代数,行列式的转置,4,1,manual,,,,,,,,,,,1,,2026-09-05T11:42:23.003418
366,353,2,高等代数,2.5 行列式的计算,3,1,manual,,,,,,,,,,,4,,2026-09-05T11:42:23.003418
367,366,2,高等代数,化三角形法,4,1,manual,,,,,,,,,,,0,,2026-09-05T11:42:23.003418
368,366,2,高等代数,降阶法,4,1,manual,,,,,,,,,,,1,,2026-09-05T11:42:23.003418
369,366,2,高等代数,递推法,4,1,manual,,,,,,,,,,,2,,2026-09-05T11:42:23.003418
370,366,2,高等代数,数学归纳法,4,1,manual,,,,,,,,,,,3,,2026-09-05T11:42:23.003418
371,353,2,高等代数,2.6 行列式按一行（列）展开,3,1,manual,,,,,,,,,,,5,,2026-09-05T11:42:23.003418
372,371,2,高等代数,余子式与代数余子式,4,1,manual,,,,,,,,,,,0,,2026-09-05T11:42:23.003418
373,371,2,高等代数,行列式按行（列）展开定理,4,1,manual,,,,,,,,,,,1,,2026-09-05T11:42:23.003418
374,353,2,高等代数,2.7 克拉默（Cramer）法则,3,1,manual,,,,,,,,,,,6,,2026-09-05T11:42:23.003418
375,374,2,高等代数,克拉默法则,4,1,manual,,,,,,,,,,,0,,2026-09-05T11:42:23.003418
376,374,2,高等代数,齐次线性方程组,4,1,manual,,,,,,,,,,,1,,2026-09-05T11:42:23.003418
377,353,2,高等代数,2.8 拉普拉斯（Laplace）定理·行列式的乘法规则,3,1,manual,,,,,,,,,,,7,,2026-09-05T11:42:23.003418
378,377,2,高等代数,拉普拉斯定理,4,1,manual,,,,,,,,,,,0,,2026-09-05T11:42:23.003418
379,377,2,高等代数,行列式的乘法规则,4,1,manual,,,,,,,,,,,1,,2026-09-05T11:42:23.003418
380,311,2,高等代数,第三章 线性方程组,2,1,manual,本章系统研究线性方程组的理论与解法，核心包括消元法、向量空间与线性相关性、矩阵秩的概念，以及有解判别定理和解的结构。通过秩判定解的存在性与唯一性，并掌握齐次与非齐次方程组通解的构造。该章是高等代数的枢纽，上承行列式与矩阵，下启线性空间与线性变换，是后续课程的重要基础。,,,,,,,,,,2,,2026-09-05T11:42:23.003418
381,380,2,高等代数,3.1 消元法,3,1,manual,,,,,,,,,,,0,,2026-09-05T11:42:23.003418
382,381,2,高等代数,线性方程组的初等变换,4,1,manual,,,,,,,,,,,0,,2026-09-05T11:42:23.003418
383,381,2,高等代数,阶梯形方程组,4,1,manual,,,,,,,,,,,1,,2026-09-05T11:42:23.003418
384,381,2,高等代数,消元法的步骤,4,1,manual,,,,,,,,,,,2,,2026-09-05T11:42:23.003418
385,380,2,高等代数,3.2 n维向量空间,3,1,manual,,,,,,,,,,,1,,2026-09-05T11:42:23.003418
386,385,2,高等代数,n维向量的定义,4,1,manual,,,,,,,,,,,0,,2026-09-05T11:42:23.003418
387,385,2,高等代数,向量的线性运算,4,1,manual,,,,,,,,,,,1,,2026-09-05T11:42:23.003418
388,385,2,高等代数,n维向量空间,4,1,manual,,,,,,,,,,,2,,2026-09-05T11:42:23.003418
389,380,2,高等代数,3.3 线性相关性,3,1,manual,,,,,,,,,,,2,,2026-09-05T11:42:23.003418
390,389,2,高等代数,线性组合与线性表示,4,1,manual,,,,,,,,,,,0,,2026-09-05T11:42:23.003418
391,389,2,高等代数,线性相关与线性无关,4,1,manual,,,,,,,,,,,1,,2026-09-05T11:42:23.003418
392,389,2,高等代数,线性相关性的判定,4,1,manual,,,,,,,,,,,2,,2026-09-05T11:42:23.003418
393,389,2,高等代数,极大线性无关组,4,1,manual,,,,,,,,,,,3,,2026-09-05T11:42:23.003418
394,380,2,高等代数,3.4 矩阵的秩,3,1,manual,,,,,,,,,,,3,,2026-09-05T11:42:23.003418
395,394,2,高等代数,矩阵的秩的定义,4,1,manual,,,,,,,,,,,0,,2026-09-05T11:42:23.003418
396,394,2,高等代数,秩的性质,4,1,manual,,,,,,,,,,,1,,2026-09-05T11:42:23.003418
397,394,2,高等代数,用初等变换求秩,4,1,manual,,,,,,,,,,,2,,2026-09-05T11:42:23.003418
398,380,2,高等代数,3.5 线性方程组有解判别定理,3,1,manual,,,,,,,,,,,4,,2026-09-05T11:42:23.003418
399,398,2,高等代数,有解判别定理,4,1,manual,,,,,,,,,,,0,,2026-09-05T11:42:23.003418
400,398,2,高等代数,齐次线性方程组有非零解的条件,4,1,manual,,,,,,,,,,,1,,2026-09-05T11:42:23.003418
401,380,2,高等代数,3.6 线性方程组解的结构,3,1,manual,,,,,,,,,,,5,,2026-09-05T11:42:23.003418
402,401,2,高等代数,齐次线性方程组的基础解系,4,1,manual,,,,,,,,,,,0,,2026-09-05T11:42:23.003418
403,401,2,高等代数,齐次线性方程组的解空间,4,1,manual,,,,,,,,,,,1,,2026-09-05T11:42:23.003418
404,401,2,高等代数,非齐次线性方程组的解的结构,4,1,manual,,,,,,,,,,,2,,2026-09-05T11:42:23.003418
405,380,2,高等代数,3.7 二元高次方程组,3,1,manual,,,,,,,,,,,6,,2026-09-05T11:42:23.003418
406,405,2,高等代数,结式,4,1,manual,,,,,,,,,,,0,,2026-09-05T11:42:23.003418
407,405,2,高等代数,用结式解二元高次方程组,4,1,manual,,,,,,,,,,,1,,2026-09-05T11:42:23.003418
408,311,2,高等代数,第四章 矩阵,2,1,manual,本章系统引入矩阵概念及其运算，重点掌握矩阵乘法、行列式与秩的性质、逆矩阵的求法、分块技巧及初等矩阵的应用。核心定理包括矩阵可逆的充要条件、初等变换与秩的关系。作为高等代数的枢纽，矩阵为后续线性方程组、特征值及二次型提供统一工具，是贯穿全课程的核心语言。,,,,,,,,,,3,,2026-09-05T11:42:23.003418
409,408,2,高等代数,4.1 矩阵概念的一些背景,3,1,manual,,,,,,,,,,,0,,2026-09-05T11:42:23.003418
410,408,2,高等代数,4.2 矩阵的运算,3,1,manual,,,,,,,,,,,1,,2026-09-05T11:42:23.003418
411,410,2,高等代数,矩阵的加法,4,1,manual,,,,,,,,,,,0,,2026-09-05T11:42:23.003418
412,410,2,高等代数,矩阵的乘法,4,1,manual,,,,,,,,,,,1,,2026-09-05T11:42:23.003418
413,410,2,高等代数,矩阵的数量乘法,4,1,manual,,,,,,,,,,,2,,2026-09-05T11:42:23.003418
414,410,2,高等代数,矩阵的转置,4,1,manual,,,,,,,,,,,3,,2026-09-05T11:42:23.003418
415,410,2,高等代数,矩阵运算的性质,4,1,manual,,,,,,,,,,,4,,2026-09-05T11:42:23.003418
416,408,2,高等代数,4.3 矩阵乘积的行列式与秩,3,1,manual,,,,,,,,,,,2,,2026-09-05T11:42:23.003418
417,416,2,高等代数,矩阵乘积的行列式,4,1,manual,,,,,,,,,,,0,,2026-09-05T11:42:23.003418
418,416,2,高等代数,矩阵乘积的秩,4,1,manual,,,,,,,,,,,1,,2026-09-05T11:42:23.003418
419,408,2,高等代数,4.4 矩阵的逆,3,1,manual,,,,,,,,,,,3,,2026-09-05T11:42:23.003418
420,419,2,高等代数,逆矩阵的定义,4,1,manual,,,,,,,,,,,0,,2026-09-05T11:42:23.003418
421,419,2,高等代数,逆矩阵的性质,4,1,manual,,,,,,,,,,,1,,2026-09-05T11:42:23.003418
422,419,2,高等代数,伴随矩阵求逆法,4,1,manual,,,,,,,,,,,2,,2026-09-05T11:42:23.003418
423,419,2,高等代数,初等变换求逆法,4,1,manual,,,,,,,,,,,3,,2026-09-05T11:42:23.003418
424,408,2,高等代数,4.5 矩阵的分块,3,1,manual,,,,,,,,,,,4,,2026-09-05T11:42:23.003418
425,424,2,高等代数,分块矩阵的概念,4,1,manual,,,,,,,,,,,0,,2026-09-05T11:42:23.003418
426,424,2,高等代数,分块矩阵的运算,4,1,manual,,,,,,,,,,,1,,2026-09-05T11:42:23.003418
427,424,2,高等代数,分块对角矩阵,4,1,manual,,,,,,,,,,,2,,2026-09-05T11:42:23.004406
428,408,2,高等代数,4.6 初等矩阵,3,1,manual,,,,,,,,,,,5,,2026-09-05T11:42:23.004406
429,428,2,高等代数,初等矩阵的定义,4,1,manual,,,,,,,,,,,0,,2026-09-05T11:42:23.004406
430,428,2,高等代数,初等矩阵与初等变换的关系,4,1,manual,,,,,,,,,,,1,,2026-09-05T11:42:23.004406
431,428,2,高等代数,用初等矩阵求逆,4,1,manual,,,,,,,,,,,2,,2026-09-05T11:42:23.004406
432,408,2,高等代数,4.7 分块乘法的初等变换及应用举例,3,1,manual,,,,,,,,,,,6,,2026-09-05T11:42:23.004406
433,311,2,高等代数,第五章 二次型,2,1,manual,本章系统研究二次型的矩阵表示、化标准形的方法（配方法、合同变换）及规范形的唯一性，并重点讨论正定二次型的判定与应用。它是矩阵合同理论与多元函数极值问题的重要桥梁，在高等代数中承前启后。核心概念包括二次型矩阵、标准形、惯性定理、正定矩阵。掌握本章有助于深化对对称矩阵与二次曲面分类的理解。,,,,,,,,,,4,,2026-09-05T11:42:23.004406
434,433,2,高等代数,5.1 二次型及其矩阵表示,3,1,manual,,,,,,,,,,,0,,2026-09-05T11:42:23.004406
435,434,2,高等代数,二次型的定义,4,1,manual,,,,,,,,,,,0,,2026-09-05T11:42:23.004406
436,434,2,高等代数,二次型的矩阵表示,4,1,manual,,,,,,,,,,,1,,2026-09-05T11:42:23.004406
437,434,2,高等代数,线性替换,4,1,manual,,,,,,,,,,,2,,2026-09-05T11:42:23.004406
438,433,2,高等代数,5.2 标准形,3,1,manual,,,,,,,,,,,1,,2026-09-05T11:42:23.004406
439,438,2,高等代数,配方法,4,1,manual,,,,,,,,,,,0,,2026-09-05T11:42:23.004406
440,438,2,高等代数,合同变换法,4,1,manual,,,,,,,,,,,1,,2026-09-05T11:42:23.004406
441,438,2,高等代数,标准形的概念,4,1,manual,,,,,,,,,,,2,,2026-09-05T11:42:23.004406
442,433,2,高等代数,5.3 唯一性,3,1,manual,,,,,,,,,,,2,,2026-09-05T11:42:23.004406
443,442,2,高等代数,惯性定理,4,1,manual,,,,,,,,,,,0,,2026-09-05T11:42:23.004406
444,442,2,高等代数,正惯性指数与负惯性指数,4,1,manual,,,,,,,,,,,1,,2026-09-05T11:42:23.004406
445,442,2,高等代数,规范形,4,1,manual,,,,,,,,,,,2,,2026-09-05T11:42:23.004406
446,433,2,高等代数,5.4 正定二次型,3,1,manual,,,,,,,,,,,3,,2026-09-05T11:42:23.004406
447,446,2,高等代数,正定二次型的定义,4,1,manual,,,,,,,,,,,0,,2026-09-05T11:42:23.004406
448,446,2,高等代数,正定矩阵,4,1,manual,,,,,,,,,,,1,,2026-09-05T11:42:23.004406
449,446,2,高等代数,正定二次型的判别,4,1,manual,,,,,,,,,,,2,,2026-09-05T11:42:23.004406
450,446,2,高等代数,顺序主子式判别法,4,1,manual,,,,,,,,,,,3,,2026-09-05T11:42:23.004406
451,311,2,高等代数,第六章 线性空间,2,1,manual,本章从集合与映射出发，系统引入线性空间、维数、基与坐标，并讨论基变换与坐标变换、子空间及其交和与直和，最后通过同构揭示线性空间的本质结构。核心是掌握线性空间的抽象定义与维数定理，理解直和分解及同构思想。作为高等代数的核心章节，它为后续线性变换、矩阵理论及欧氏空间提供基础框架。,,,,,,,,,,5,,2026-09-05T11:42:23.004406
452,451,2,高等代数,6.1 集合·映射,3,1,manual,,,,,,,,,,,0,,2026-09-05T11:42:23.004406
453,452,2,高等代数,集合的概念,4,1,manual,,,,,,,,,,,0,,2026-09-05T11:42:23.004406
454,452,2,高等代数,映射的概念,4,1,manual,,,,,,,,,,,1,,2026-09-05T11:42:23.004406
455,452,2,高等代数,映射的性质,4,1,manual,,,,,,,,,,,2,,2026-09-05T11:42:23.004406
456,451,2,高等代数,6.2 线性空间的定义与简单性质,3,1,manual,,,,,,,,,,,1,,2026-09-05T11:42:23.004406
457,456,2,高等代数,线性空间的定义,4,1,manual,,,,,,,,,,,0,,2026-09-05T11:42:23.004406
458,456,2,高等代数,线性空间的简单性质,4,1,manual,,,,,,,,,,,1,,2026-09-05T11:42:23.004406
459,451,2,高等代数,6.3 维数·基与坐标,3,1,manual,,,,,,,,,,,2,,2026-09-05T11:42:23.004406
460,459,2,高等代数,线性相关性,4,1,manual,,,,,,,,,,,0,,2026-09-05T11:42:23.004406
461,459,2,高等代数,维数的定义,4,1,manual,,,,,,,,,,,1,,2026-09-05T11:42:23.004406
462,459,2,高等代数,基与坐标,4,1,manual,,,,,,,,,,,2,,2026-09-05T11:42:23.004406
463,451,2,高等代数,6.4 基变换与坐标变换,3,1,manual,,,,,,,,,,,3,,2026-09-05T11:42:23.004406
464,463,2,高等代数,基变换公式,4,1,manual,,,,,,,,,,,0,,2026-09-05T11:42:23.004406
465,463,2,高等代数,过渡矩阵,4,1,manual,,,,,,,,,,,1,,2026-09-05T11:42:23.004406
466,463,2,高等代数,坐标变换公式,4,1,manual,,,,,,,,,,,2,,2026-09-05T11:42:23.004406
467,451,2,高等代数,6.5 线性子空间,3,1,manual,,,,,,,,,,,4,,2026-09-05T11:42:23.004406
468,467,2,高等代数,线性子空间的定义,4,1,manual,,,,,,,,,,,0,,2026-09-05T11:42:23.004406
469,467,2,高等代数,子空间的判定,4,1,manual,,,,,,,,,,,1,,2026-09-05T11:42:23.004406
470,467,2,高等代数,生成子空间,4,1,manual,,,,,,,,,,,2,,2026-09-05T11:42:23.004406
471,451,2,高等代数,6.6 子空间的交与和,3,1,manual,,,,,,,,,,,5,,2026-09-05T11:42:23.004406
472,471,2,高等代数,子空间的交,4,1,manual,,,,,,,,,,,0,,2026-09-05T11:42:23.004406
473,471,2,高等代数,子空间的和,4,1,manual,,,,,,,,,,,1,,2026-09-05T11:42:23.004406
474,471,2,高等代数,维数公式,4,1,manual,,,,,,,,,,,2,,2026-09-05T11:42:23.004406
475,451,2,高等代数,6.7 子空间的直和,3,1,manual,,,,,,,,,,,6,,2026-09-05T11:42:23.004406
476,475,2,高等代数,直和的定义,4,1,manual,,,,,,,,,,,0,,2026-09-05T11:42:23.004406
477,475,2,高等代数,直和的判定,4,1,manual,,,,,,,,,,,1,,2026-09-05T11:42:23.004406
478,475,2,高等代数,多个子空间的直和,4,1,manual,,,,,,,,,,,2,,2026-09-05T11:42:23.004406
479,451,2,高等代数,6.8 线性空间的同构,3,1,manual,,,,,,,,,,,7,,2026-09-05T11:42:23.004406
480,479,2,高等代数,同构的定义,4,1,manual,,,,,,,,,,,0,,2026-09-05T11:42:23.004406
481,479,2,高等代数,同构的性质,4,1,manual,,,,,,,,,,,1,,2026-09-05T11:42:23.004406
482,479,2,高等代数,有限维线性空间的同构分类,4,1,manual,,,,,,,,,,,2,,2026-09-05T11:42:23.004406
483,311,2,高等代数,第七章 线性变换,2,1,manual,本章系统研究线性空间到自身的线性映射，核心是线性变换的运算、矩阵表示及相似对角化。重点掌握特征值与特征向量、可对角化条件、值域与核的维数关系、不变子空间与最小多项式，并了解Jordan标准形的基本思想。该章是高等代数的枢纽，上承向量空间与矩阵理论，下启二次型及后续课程，对理解矩阵本质与化简具有关键作用。,,,,,,,,,,6,,2026-09-05T11:42:23.004406
484,483,2,高等代数,7.1 线性变换的定义,3,1,manual,,,,,,,,,,,0,,2026-09-05T11:42:23.004406
485,484,2,高等代数,线性变换的概念,4,1,manual,,,,,,,,,,,0,,2026-09-05T11:42:23.004406
486,484,2,高等代数,线性变换的性质,4,1,manual,,,,,,,,,,,1,,2026-09-05T11:42:23.004406
487,483,2,高等代数,7.2 线性变换的运算,3,1,manual,,,,,,,,,,,1,,2026-09-05T11:42:23.004406
488,487,2,高等代数,加法,4,1,manual,,,,,,,,,,,0,,2026-09-05T11:42:23.004406
489,487,2,高等代数,乘法,4,1,manual,,,,,,,,,,,1,,2026-09-05T11:42:23.004406
490,487,2,高等代数,数量乘法,4,1,manual,,,,,,,,,,,2,,2026-09-05T11:42:23.004406
491,487,2,高等代数,逆变换,4,1,manual,,,,,,,,,,,3,,2026-09-05T11:42:23.004406
492,487,2,高等代数,线性变换的多项式,4,1,manual,,,,,,,,,,,4,,2026-09-05T11:42:23.004406
493,483,2,高等代数,7.3 线性变换和矩阵,3,1,manual,,,,,,,,,,,2,,2026-09-05T11:42:23.004406
494,493,2,高等代数,线性变换的矩阵表示,4,1,manual,,,,,,,,,,,0,,2026-09-05T11:42:23.004406
495,493,2,高等代数,线性变换在不同基下的矩阵,4,1,manual,,,,,,,,,,,1,,2026-09-05T11:42:23.004406
496,493,2,高等代数,相似矩阵,4,1,manual,,,,,,,,,,,2,,2026-09-05T11:42:23.004406
497,483,2,高等代数,7.4 特征值与特征向量,3,1,manual,,,,,,,,,,,3,,2026-09-05T11:42:23.004406
498,497,2,高等代数,特征值与特征向量的定义,4,1,manual,,,,,,,,,,,0,,2026-09-05T11:42:23.004406
499,497,2,高等代数,特征多项式,4,1,manual,,,,,,,,,,,1,,2026-09-05T11:42:23.004406
500,497,2,高等代数,特征值与特征向量的求法,4,1,manual,,,,,,,,,,,2,,2026-09-05T11:42:23.004406
501,497,2,高等代数,特征子空间,4,1,manual,,,,,,,,,,,3,,2026-09-05T11:42:23.004406
502,483,2,高等代数,7.5 对角矩阵,3,1,manual,,,,,,,,,,,4,,2026-09-05T11:42:23.004406
503,502,2,高等代数,可对角化的条件,4,1,manual,,,,,,,,,,,0,,2026-09-05T11:42:23.004406
504,502,2,高等代数,特征值与特征向量的性质,4,1,manual,,,,,,,,,,,1,,2026-09-05T11:42:23.004406
505,502,2,高等代数,对角化的步骤,4,1,manual,,,,,,,,,,,2,,2026-09-05T11:42:23.004406
506,483,2,高等代数,7.6 线性变换的值域与核,3,1,manual,,,,,,,,,,,5,,2026-09-05T11:42:23.004406
507,506,2,高等代数,值域与核的定义,4,1,manual,,,,,,,,,,,0,,2026-09-05T11:42:23.004406
508,506,2,高等代数,秩与零度,4,1,manual,,,,,,,,,,,1,,2026-09-05T11:42:23.004406
509,506,2,高等代数,值域与核的关系,4,1,manual,,,,,,,,,,,2,,2026-09-05T11:42:23.004406
510,483,2,高等代数,7.7 不变子空间,3,1,manual,,,,,,,,,,,6,,2026-09-05T11:42:23.004406
511,510,2,高等代数,不变子空间的定义,4,1,manual,,,,,,,,,,,0,,2026-09-05T11:42:23.004406
512,510,2,高等代数,不变子空间的性质,4,1,manual,,,,,,,,,,,1,,2026-09-05T11:42:23.004406
513,510,2,高等代数,不变子空间与化简矩阵,4,1,manual,,,,,,,,,,,2,,2026-09-05T11:42:23.004406
514,483,2,高等代数,7.8 若尔当（Jordan）标准形介绍,3,1,manual,,,,,,,,,,,7,,2026-09-05T11:42:23.004406
515,514,2,高等代数,若尔当块,4,1,manual,,,,,,,,,,,0,,2026-09-05T11:42:23.004406
516,514,2,高等代数,若尔当标准形,4,1,manual,,,,,,,,,,,1,,2026-09-05T11:42:23.004406
517,514,2,高等代数,若尔当标准形的存在性,4,1,manual,,,,,,,,,,,2,,2026-09-05T11:42:23.004406
518,483,2,高等代数,7.9 最小多项式,3,1,manual,,,,,,,,,,,8,,2026-09-05T11:42:23.004406
519,518,2,高等代数,最小多项式的定义,4,1,manual,,,,,,,,,,,0,,2026-09-05T11:42:23.004406
520,518,2,高等代数,最小多项式的性质,4,1,manual,,,,,,,,,,,1,,2026-09-05T11:42:23.004406
521,518,2,高等代数,最小多项式与对角化,4,1,manual,,,,,,,,,,,2,,2026-09-05T11:42:23.004406
522,311,2,高等代数,第八章 λ-矩阵,2,1,manual,本章以λ-矩阵为工具，系统研究矩阵的相似标准形。核心是通过初等变换得到标准形，引入不变因子、初等因子，进而推导若尔当标准形与有理标准形。重点掌握化标准形的方法及因子与相似性的关系。本章是高等代数的核心枢纽，深化了对线性变换结构的理解，为后续课程奠定基础。,,,,,,,,,,7,,2026-09-05T11:42:23.004406
523,522,2,高等代数,8.1 λ-矩阵,3,1,manual,,,,,,,,,,,0,,2026-09-05T11:42:23.004406
524,523,2,高等代数,λ-矩阵的概念,4,1,manual,,,,,,,,,,,0,,2026-09-05T11:42:23.004406
525,523,2,高等代数,λ-矩阵的秩,4,1,manual,,,,,,,,,,,1,,2026-09-05T11:42:23.004406
526,523,2,高等代数,可逆λ-矩阵,4,1,manual,,,,,,,,,,,2,,2026-09-05T11:42:23.004406
527,522,2,高等代数,8.2 λ-矩阵在初等变换下的标准形,3,1,manual,,,,,,,,,,,1,,2026-09-05T11:42:23.004406
528,527,2,高等代数,λ-矩阵的初等变换,4,1,manual,,,,,,,,,,,0,,2026-09-05T11:42:23.004406
529,527,2,高等代数,λ-矩阵的标准形,4,1,manual,,,,,,,,,,,1,,2026-09-05T11:42:23.004406
530,522,2,高等代数,8.3 不变因子,3,1,manual,,,,,,,,,,,2,,2026-09-05T11:42:23.004406
531,530,2,高等代数,行列式因子,4,1,manual,,,,,,,,,,,0,,2026-09-05T11:42:23.004406
532,530,2,高等代数,不变因子,4,1,manual,,,,,,,,,,,1,,2026-09-05T11:42:23.004406
533,530,2,高等代数,行列式因子与不变因子的关系,4,1,manual,,,,,,,,,,,2,,2026-09-05T11:42:23.004406
534,522,2,高等代数,8.4 矩阵相似的条件,3,1,manual,,,,,,,,,,,3,,2026-09-05T11:42:23.004406
535,534,2,高等代数,矩阵相似的充要条件,4,1,manual,,,,,,,,,,,0,,2026-09-05T11:42:23.004406
536,534,2,高等代数,特征矩阵,4,1,manual,,,,,,,,,,,1,,2026-09-05T11:42:23.004406
537,522,2,高等代数,8.5 初等因子,3,1,manual,,,,,,,,,,,4,,2026-09-05T11:42:23.004406
538,537,2,高等代数,初等因子的定义,4,1,manual,,,,,,,,,,,0,,2026-09-05T11:42:23.004406
539,537,2,高等代数,初等因子的求法,4,1,manual,,,,,,,,,,,1,,2026-09-05T11:42:23.004406
540,537,2,高等代数,初等因子与不变因子的关系,4,1,manual,,,,,,,,,,,2,,2026-09-05T11:42:23.004406
541,522,2,高等代数,8.6 若尔当标准形的理论推导,3,1,manual,,,,,,,,,,,5,,2026-09-05T11:42:23.004406
542,541,2,高等代数,若尔当标准形的存在性,4,1,manual,,,,,,,,,,,0,,2026-09-05T11:42:23.004406
543,541,2,高等代数,若尔当标准形的唯一性,4,1,manual,,,,,,,,,,,1,,2026-09-05T11:42:23.004406
544,522,2,高等代数,8.7 矩阵的有理标准形,3,1,manual,,,,,,,,,,,6,,2026-09-05T11:42:23.004406
545,544,2,高等代数,有理标准形的定义,4,1,manual,,,,,,,,,,,0,,2026-09-05T11:42:23.004406
546,544,2,高等代数,有理标准形的存在性,4,1,manual,,,,,,,,,,,1,,2026-09-05T11:42:23.004406
547,311,2,高等代数,第九章 欧几里得空间,2,1,manual,本章引入内积概念，将几何度量性质融入线性空间，核心是标准正交基与施密特正交化；系统研究正交变换、子空间的正交关系及实对称矩阵的正交对角化，并应用最小二乘法解决实际问题，最后拓展至酉空间。作为高等代数的收尾，它统一了线性代数与几何方法，为后续泛函分析、矩阵论等课程奠定基础。,,,,,,,,,,8,,2026-09-05T11:42:23.004406
548,547,2,高等代数,9.1 定义与基本性质,3,1,manual,,,,,,,,,,,0,,2026-09-05T11:42:23.004406
549,548,2,高等代数,内积的定义,4,1,manual,,,,,,,,,,,0,,2026-09-05T11:42:23.004406
550,548,2,高等代数,欧几里得空间,4,1,manual,,,,,,,,,,,1,,2026-09-05T11:42:23.004406
551,548,2,高等代数,向量的长度,4,1,manual,,,,,,,,,,,2,,2026-09-05T11:42:23.004406
552,548,2,高等代数,夹角与正交,4,1,manual,,,,,,,,,,,3,,2026-09-05T11:42:23.004406
553,548,2,高等代数,柯西-布涅柯夫斯基不等式,4,1,manual,,,,,,,,,,,4,,2026-09-05T11:42:23.004406
554,547,2,高等代数,9.2 标准正交基,3,1,manual,,,,,,,,,,,1,,2026-09-05T11:42:23.004406
555,554,2,高等代数,正交向量组,4,1,manual,,,,,,,,,,,0,,2026-09-05T11:42:23.004406
556,554,2,高等代数,标准正交基的定义,4,1,manual,,,,,,,,,,,1,,2026-09-05T11:42:23.004406
557,554,2,高等代数,施密特正交化方法,4,1,manual,,,,,,,,,,,2,,2026-09-05T11:42:23.004406
558,554,2,高等代数,正交矩阵,4,1,manual,,,,,,,,,,,3,,2026-09-05T11:42:23.004406
559,547,2,高等代数,9.3 同构,3,1,manual,,,,,,,,,,,2,,2026-09-05T11:42:23.004406
560,559,2,高等代数,欧氏空间同构的定义,4,1,manual,,,,,,,,,,,0,,2026-09-05T11:42:23.004406
561,559,2,高等代数,有限维欧氏空间的同构分类,4,1,manual,,,,,,,,,,,1,,2026-09-05T11:42:23.004406
562,547,2,高等代数,9.4 正交变换,3,1,manual,,,,,,,,,,,3,,2026-09-05T11:42:23.004406
563,562,2,高等代数,正交变换的定义,4,1,manual,,,,,,,,,,,0,,2026-09-05T11:42:23.004406
564,562,2,高等代数,正交变换的性质,4,1,manual,,,,,,,,,,,1,,2026-09-05T11:42:23.004406
565,562,2,高等代数,正交变换的分类,4,1,manual,,,,,,,,,,,2,,2026-09-05T11:42:23.004406
566,547,2,高等代数,9.5 子空间,3,1,manual,,,,,,,,,,,4,,2026-09-05T11:42:23.004406
567,566,2,高等代数,正交补,4,1,manual,,,,,,,,,,,0,,2026-09-05T11:42:23.004406
568,566,2,高等代数,子空间的正交关系,4,1,manual,,,,,,,,,,,1,,2026-09-05T11:42:23.004406
569,566,2,高等代数,正交投影,4,1,manual,,,,,,,,,,,2,,2026-09-05T11:42:23.004406
570,547,2,高等代数,9.6 实对称矩阵的标准形,3,1,manual,,,,,,,,,,,5,,2026-09-05T11:42:23.004406
571,570,2,高等代数,实对称矩阵的特征值,4,1,manual,,,,,,,,,,,0,,2026-09-05T11:42:23.004406
572,570,2,高等代数,实对称矩阵的对角化,4,1,manual,,,,,,,,,,,1,,2026-09-05T11:42:23.004406
573,570,2,高等代数,用正交矩阵化实对称矩阵为对角形,4,1,manual,,,,,,,,,,,2,,2026-09-05T11:42:23.004406
574,547,2,高等代数,9.7 向量到子空间的距离·最小二乘法,3,1,manual,,,,,,,,,,,6,,2026-09-05T11:42:23.004406
575,574,2,高等代数,向量到子空间的距离,4,1,manual,,,,,,,,,,,0,,2026-09-05T11:42:23.004406
576,574,2,高等代数,最小二乘法,4,1,manual,,,,,,,,,,,1,,2026-09-05T11:42:23.004406
577,547,2,高等代数,9.8 酉空间介绍,3,1,manual,,,,,,,,,,,7,,2026-09-05T11:42:23.004406
578,577,2,高等代数,酉空间的定义,4,1,manual,,,,,,,,,,,0,,2026-09-05T11:42:23.004406
579,577,2,高等代数,酉空间的性质,4,1,manual,,,,,,,,,,,1,,2026-09-05T11:42:23.004406
580,577,2,高等代数,酉变换与埃尔米特矩阵,4,1,manual,,,,,,,,,,,2,,2026-09-05T11:42:23.004406
581,311,2,高等代数,第十章 双线性函数与辛空间,2,1,manual,本章从线性函数引入双线性函数，重点研究对称双线性函数与辛空间的结构。核心概念包括对偶空间、度量矩阵、二次型对应关系、正交补与辛正交补，以及规范形与辛基的构造。该章是线性代数理论的深化，连接几何与代数，为后续内积空间及抽象代数奠定基础。学习时需掌握双线性函数的矩阵表示及分类思想。,,,,,,,,,,9,,2026-09-05T11:42:23.004406
582,581,2,高等代数,10.1 线性函数,3,1,manual,,,,,,,,,,,0,,2026-09-05T11:42:23.004406
583,582,2,高等代数,线性函数的定义,4,1,manual,,,,,,,,,,,0,,2026-09-05T11:42:23.004406
584,582,2,高等代数,线性函数的性质,4,1,manual,,,,,,,,,,,1,,2026-09-05T11:42:23.004406
585,582,2,高等代数,对偶空间,4,1,manual,,,,,,,,,,,2,,2026-09-05T11:42:23.004406
586,581,2,高等代数,10.2 双线性函数,3,1,manual,,,,,,,,,,,1,,2026-09-05T11:42:23.004406
587,586,2,高等代数,双线性函数的定义,4,1,manual,,,,,,,,,,,0,,2026-09-05T11:42:23.004406
588,586,2,高等代数,双线性函数的度量矩阵,4,1,manual,,,,,,,,,,,1,,2026-09-05T11:42:23.004406
589,586,2,高等代数,双线性函数的秩,4,1,manual,,,,,,,,,,,2,,2026-09-05T11:42:23.004406
590,581,2,高等代数,10.3 对称双线性函数,3,1,manual,,,,,,,,,,,2,,2026-09-05T11:42:23.004406
591,590,2,高等代数,对称双线性函数的定义,4,1,manual,,,,,,,,,,,0,,2026-09-05T11:42:23.004406
592,590,2,高等代数,对称双线性函数的标准形,4,1,manual,,,,,,,,,,,1,,2026-09-05T11:42:23.004406
593,590,2,高等代数,反对称双线性函数,4,1,manual,,,,,,,,,,,2,,2026-09-05T11:42:23.004406
594,581,2,高等代数,10.4 辛空间,3,1,manual,,,,,,,,,,,3,,2026-09-05T11:42:23.004406
595,594,2,高等代数,辛空间的定义,4,1,manual,,,,,,,,,,,0,,2026-09-05T11:42:23.004406
596,594,2,高等代数,辛变换,4,1,manual,,,,,,,,,,,1,,2026-09-05T11:42:23.004406
597,594,2,高等代数,辛空间的子空间,4,1,manual,,,,,,,,,,,2,,2026-09-05T11:42:23.004406
598,,3,英语一,英语一,1,1,manual,,,,,,,,,,,0,,2026-09-05T11:42:23.004406
599,598,3,英语一,第一部分 英语知识运用（完形填空）,2,1,manual,本部分聚焦英语一完形填空，核心在于词汇辨析、语法知识和上下文逻辑的综合运用。学习重点包括掌握近义词微差、固定搭配及语篇衔接手段，并通过解题技巧（如首句主题法、逻辑关联词分析法）提升准确率。该章节是检验语言基础与语篇理解能力的起点，在整张试卷中起到奠基作用，为后续阅读和翻译夯实语言感知与逻辑分析能力。,,,,,,,,,,0,,2026-09-05T11:42:23.004406
600,599,3,英语一,1.1 题型概述,3,1,manual,,,,,,,,,,,0,,2026-09-05T11:42:23.004406
601,600,3,英语一,分值与题量,4,1,manual,,,,,,,,,,,0,,2026-09-05T11:42:23.004406
602,600,3,英语一,考查目标,4,1,manual,,,,,,,,,,,1,,2026-09-05T11:42:23.004406
603,600,3,英语一,选材特点,4,1,manual,,,,,,,,,,,2,,2026-09-05T11:42:23.004406
604,599,3,英语一,1.2 词汇辨析,3,1,manual,,,,,,,,,,,1,,2026-09-05T11:42:23.004406
605,604,3,英语一,近义词辨析,4,1,manual,,,,,,,,,,,0,,2026-09-05T11:42:23.004406
606,604,3,英语一,形近词辨析,4,1,manual,,,,,,,,,,,1,,2026-09-05T11:42:23.004406
607,604,3,英语一,固定搭配,4,1,manual,,,,,,,,,,,2,,2026-09-05T11:42:23.004406
608,604,3,英语一,熟词僻义,4,1,manual,,,,,,,,,,,3,,2026-09-05T11:42:23.004406
609,599,3,英语一,1.3 语法知识,3,1,manual,,,,,,,,,,,2,,2026-09-05T11:42:23.004406
610,609,3,英语一,从句与连词,4,1,manual,,,,,,,,,,,0,,2026-09-05T11:42:23.004406
611,609,3,英语一,时态与语态,4,1,manual,,,,,,,,,,,1,,2026-09-05T11:42:23.004406
612,609,3,英语一,非谓语动词,4,1,manual,,,,,,,,,,,2,,2026-09-05T11:42:23.004406
613,609,3,英语一,主谓一致,4,1,manual,,,,,,,,,,,3,,2026-09-05T11:42:23.004406
614,599,3,英语一,1.4 上下文逻辑,3,1,manual,,,,,,,,,,,3,,2026-09-05T11:42:23.004406
615,614,3,英语一,转折关系,4,1,manual,,,,,,,,,,,0,,2026-09-05T11:42:23.004406
616,614,3,英语一,因果关系,4,1,manual,,,,,,,,,,,1,,2026-09-05T11:42:23.004406
617,614,3,英语一,递进关系,4,1,manual,,,,,,,,,,,2,,2026-09-05T11:42:23.004406
618,614,3,英语一,并列关系,4,1,manual,,,,,,,,,,,3,,2026-09-05T11:42:23.004406
619,599,3,英语一,1.5 解题技巧,3,1,manual,,,,,,,,,,,4,,2026-09-05T11:42:23.004406
620,619,3,英语一,通读全文抓主旨,4,1,manual,,,,,,,,,,,0,,2026-09-05T11:42:23.004406
621,619,3,英语一,上下文复现,4,1,manual,,,,,,,,,,,1,,2026-09-05T11:42:23.004406
622,619,3,英语一,情感色彩判断,4,1,manual,,,,,,,,,,,2,,2026-09-05T11:42:23.004406
623,619,3,英语一,时间分配策略,4,1,manual,,,,,,,,,,,3,,2026-09-05T11:42:23.004406
624,598,3,英语一,第二部分 阅读理解 Part A（传统阅读）,2,1,manual,本章聚焦英语一传统阅读，系统讲解五大题型（主旨大意、细节理解、推理判断、词义猜测、观点态度）及长难句分析与解题策略。核心在于掌握定位原文、排除干扰项、把握作者态度的技巧，并提升对复杂句式的拆解能力。作为分值最高的阅读主体部分，它直接决定英语成绩上限，是考研英语能力训练的核心环节。,,,,,,,,,,1,,2026-09-05T11:42:23.004406
625,624,3,英语一,2.1 题型概述,3,1,manual,,,,,,,,,,,0,,2026-09-05T11:42:23.004406
626,625,3,英语一,分值与题量,4,1,manual,,,,,,,,,,,0,,2026-09-05T11:42:23.004406
627,625,3,英语一,考查目标,4,1,manual,,,,,,,,,,,1,,2026-09-05T11:42:23.004406
628,625,3,英语一,选材来源,4,1,manual,,,,,,,,,,,2,,2026-09-05T11:42:23.004406
629,625,3,英语一,文章类型,4,1,manual,,,,,,,,,,,3,,2026-09-05T11:42:23.004406
630,624,3,英语一,2.2 主旨大意题,3,1,manual,,,,,,,,,,,1,,2026-09-05T11:42:23.004406
631,630,3,英语一,题型特征,4,1,manual,,,,,,,,,,,0,,2026-09-05T11:42:23.004406
632,630,3,英语一,解题方法,4,1,manual,,,,,,,,,,,1,,2026-09-05T11:42:23.004406
633,630,3,英语一,常见干扰项,4,1,manual,,,,,,,,,,,2,,2026-09-05T11:42:23.004406
634,624,3,英语一,2.3 细节理解题,3,1,manual,,,,,,,,,,,2,,2026-09-05T11:42:23.004406
635,634,3,英语一,题型特征,4,1,manual,,,,,,,,,,,0,,2026-09-05T11:42:23.004406
636,634,3,英语一,定位技巧,4,1,manual,,,,,,,,,,,1,,2026-09-05T11:42:23.004406
637,634,3,英语一,同义替换,4,1,manual,,,,,,,,,,,2,,2026-09-05T11:42:23.004406
638,634,3,英语一,常见陷阱,4,1,manual,,,,,,,,,,,3,,2026-09-05T11:42:23.004406
639,624,3,英语一,2.4 推理判断题,3,1,manual,,,,,,,,,,,3,,2026-09-05T11:42:23.004406
640,639,3,英语一,题型特征,4,1,manual,,,,,,,,,,,0,,2026-09-05T11:42:23.004406
641,639,3,英语一,推理原则,4,1,manual,,,,,,,,,,,1,,2026-09-05T11:42:23.004406
642,639,3,英语一,常见干扰项,4,1,manual,,,,,,,,,,,2,,2026-09-05T11:42:23.004406
643,624,3,英语一,2.5 词义猜测题,3,1,manual,,,,,,,,,,,4,,2026-09-05T11:42:23.004406
644,643,3,英语一,题型特征,4,1,manual,,,,,,,,,,,0,,2026-09-05T11:42:23.004406
645,643,3,英语一,上下文线索,4,1,manual,,,,,,,,,,,1,,2026-09-05T11:42:23.004406
646,643,3,英语一,构词法,4,1,manual,,,,,,,,,,,2,,2026-09-05T11:42:23.004406
647,624,3,英语一,2.6 观点态度题,3,1,manual,,,,,,,,,,,5,,2026-09-05T11:42:23.004406
648,647,3,英语一,题型特征,4,1,manual,,,,,,,,,,,0,,2026-09-05T11:42:23.004406
649,647,3,英语一,态度词分类,4,1,manual,,,,,,,,,,,1,,2026-09-05T11:42:23.004406
650,647,3,英语一,作者态度判断,4,1,manual,,,,,,,,,,,2,,2026-09-05T11:42:23.004406
651,624,3,英语一,2.7 长难句分析,3,1,manual,,,,,,,,,,,6,,2026-09-05T11:42:23.004406
652,651,3,英语一,句子主干提取,4,1,manual,,,,,,,,,,,0,,2026-09-05T11:42:23.004406
653,651,3,英语一,从句识别,4,1,manual,,,,,,,,,,,1,,2026-09-05T11:42:23.004406
654,651,3,英语一,插入语与同位语,4,1,manual,,,,,,,,,,,2,,2026-09-05T11:42:23.004406
655,651,3,英语一,倒装与省略,4,1,manual,,,,,,,,,,,3,,2026-09-05T11:42:23.004406
656,624,3,英语一,2.8 解题策略,3,1,manual,,,,,,,,,,,7,,2026-09-05T11:42:23.004406
657,656,3,英语一,题干定位法,4,1,manual,,,,,,,,,,,0,,2026-09-05T11:42:23.004406
658,656,3,英语一,选项排除法,4,1,manual,,,,,,,,,,,1,,2026-09-05T11:42:23.004406
659,656,3,英语一,时间分配,4,1,manual,,,,,,,,,,,2,,2026-09-05T11:42:23.004406
660,656,3,英语一,精读与泛读,4,1,manual,,,,,,,,,,,3,,2026-09-05T11:42:23.004406
661,598,3,英语一,第三部分 阅读理解 Part B（新题型）,2,1,manual,本部分聚焦考研英语一新题型，涵盖七选五、排序题与小标题匹配三类题型。核心在于把握文章结构与逻辑连贯性，运用关键词复现、指代关系、过渡衔接等技巧快速解题。该部分在阅读中分值较高，是拉开差距的关键环节。掌握各题型命题规律与解题步骤，能有效提升答题效率与准确率，为整体英语成绩奠定重要基础。,,,,,,,,,,2,,2026-09-05T11:42:23.004406
662,661,3,英语一,3.1 题型概述,3,1,manual,,,,,,,,,,,0,,2026-09-05T11:42:23.004406
663,662,3,英语一,分值与题量,4,1,manual,,,,,,,,,,,0,,2026-09-05T11:42:23.004406
664,662,3,英语一,考查目标,4,1,manual,,,,,,,,,,,1,,2026-09-05T11:42:23.004406
665,662,3,英语一,三种备选题型,4,1,manual,,,,,,,,,,,2,,2026-09-05T11:42:23.004406
666,661,3,英语一,3.2 七选五（完形填句）,3,1,manual,,,,,,,,,,,1,,2026-09-05T11:42:23.004406
667,666,3,英语一,题型特征,4,1,manual,,,,,,,,,,,0,,2026-09-05T11:42:23.004406
668,666,3,英语一,解题步骤,4,1,manual,,,,,,,,,,,1,,2026-09-05T11:42:23.004406
669,666,3,英语一,上下文衔接,4,1,manual,,,,,,,,,,,2,,2026-09-05T11:42:23.004406
670,666,3,英语一,代词指代,4,1,manual,,,,,,,,,,,3,,2026-09-05T11:42:23.004406
671,661,3,英语一,3.3 排序题,3,1,manual,,,,,,,,,,,2,,2026-09-05T11:42:23.004406
672,671,3,英语一,题型特征,4,1,manual,,,,,,,,,,,0,,2026-09-05T11:42:23.004406
673,671,3,英语一,解题步骤,4,1,manual,,,,,,,,,,,1,,2026-09-05T11:42:23.004406
674,671,3,英语一,段落逻辑关系,4,1,manual,,,,,,,,,,,2,,2026-09-05T11:42:23.004406
675,671,3,英语一,首段判断,4,1,manual,,,,,,,,,,,3,,2026-09-05T11:42:23.004406
676,661,3,英语一,3.4 小标题匹配,3,1,manual,,,,,,,,,,,3,,2026-09-05T11:42:23.004406
677,676,3,英语一,题型特征,4,1,manual,,,,,,,,,,,0,,2026-09-05T11:42:23.004406
678,676,3,英语一,解题步骤,4,1,manual,,,,,,,,,,,1,,2026-09-05T11:42:23.004406
679,676,3,英语一,主题句识别,4,1,manual,,,,,,,,,,,2,,2026-09-05T11:42:23.004406
680,676,3,英语一,关键词匹配,4,1,manual,,,,,,,,,,,3,,2026-09-05T11:42:23.004406
681,661,3,英语一,3.5 解题技巧,3,1,manual,,,,,,,,,,,4,,2026-09-05T11:42:23.004406
682,681,3,英语一,逻辑连接词,4,1,manual,,,,,,,,,,,0,,2026-09-05T11:42:23.004406
683,681,3,英语一,词汇复现,4,1,manual,,,,,,,,,,,1,,2026-09-05T11:42:23.004406
684,681,3,英语一,时间顺序,4,1,manual,,,,,,,,,,,2,,2026-09-05T11:42:23.004406
685,681,3,英语一,排除法,4,1,manual,,,,,,,,,,,3,,2026-09-05T11:42:23.004406
686,598,3,英语一,第四部分 阅读理解 Part C（翻译）,2,1,manual,本章聚焦考研英语一阅读理解Part C英译汉题型，系统讲解翻译技巧、从句处理、特殊句式及长难句拆分策略。核心在于掌握“准确理解—通顺表达”的翻译原则，灵活运用词性转换、语序调整、分译合译等方法。该部分直接考查英语综合理解与汉语表达能力，是阅读板块中易得分也易失分的环节，需通过真题训练强化长难句结构分析和语义精准转换。,,,,,,,,,,3,,2026-09-05T11:42:23.004406
687,686,3,英语一,4.1 题型概述,3,1,manual,,,,,,,,,,,0,,2026-09-05T11:42:23.004406
688,687,3,英语一,分值与题量,4,1,manual,,,,,,,,,,,0,,2026-09-05T11:42:23.004406
689,687,3,英语一,考查目标,4,1,manual,,,,,,,,,,,1,,2026-09-05T11:42:23.004406
690,687,3,英语一,选材特点,4,1,manual,,,,,,,,,,,2,,2026-09-05T11:42:23.004406
691,687,3,英语一,评分标准,4,1,manual,,,,,,,,,,,3,,2026-09-05T11:42:23.004406
692,686,3,英语一,4.2 翻译技巧,3,1,manual,,,,,,,,,,,1,,2026-09-05T11:42:23.004406
693,692,3,英语一,词义选择,4,1,manual,,,,,,,,,,,0,,2026-09-05T11:42:23.004406
694,692,3,英语一,词类转换,4,1,manual,,,,,,,,,,,1,,2026-09-05T11:42:23.004406
695,692,3,英语一,增词与减词,4,1,manual,,,,,,,,,,,2,,2026-09-05T11:42:23.004406
696,692,3,英语一,语序调整,4,1,manual,,,,,,,,,,,3,,2026-09-05T11:42:23.004406
697,686,3,英语一,4.3 从句翻译,3,1,manual,,,,,,,,,,,2,,2026-09-05T11:42:23.004406
698,697,3,英语一,定语从句,4,1,manual,,,,,,,,,,,0,,2026-09-05T11:42:23.004406
699,697,3,英语一,名词性从句,4,1,manual,,,,,,,,,,,1,,2026-09-05T11:42:23.004406
700,697,3,英语一,状语从句,4,1,manual,,,,,,,,,,,2,,2026-09-05T11:42:23.004406
701,686,3,英语一,4.4 特殊句式翻译,3,1,manual,,,,,,,,,,,3,,2026-09-05T11:42:23.004406
702,701,3,英语一,被动语态,4,1,manual,,,,,,,,,,,0,,2026-09-05T11:42:23.004406
703,701,3,英语一,倒装句,4,1,manual,,,,,,,,,,,1,,2026-09-05T11:42:23.004406
704,701,3,英语一,强调句,4,1,manual,,,,,,,,,,,2,,2026-09-05T11:42:23.004406
705,701,3,英语一,省略句,4,1,manual,,,,,,,,,,,3,,2026-09-05T11:42:23.004406
706,686,3,英语一,4.5 长难句翻译,3,1,manual,,,,,,,,,,,4,,2026-09-05T11:42:23.004406
707,706,3,英语一,句子拆分,4,1,manual,,,,,,,,,,,0,,2026-09-05T11:42:23.004406
708,706,3,英语一,信息重组,4,1,manual,,,,,,,,,,,1,,2026-09-05T11:42:23.004406
709,706,3,英语一,中文表达优化,4,1,manual,,,,,,,,,,,2,,2026-09-05T11:42:23.004406
710,598,3,英语一,第五部分 写作 Part A（小作文）,2,1,manual,本部分聚焦英语一写作Part A小作文，涵盖题型概述、书信、通知、备忘录与报告等应用文写作。核心在于掌握各类文体的格式规范、语域恰当与内容要点完整。学习重点是熟练运用写作模板与技巧，针对不同情境准确选择文体并组织语言。该部分在考试中占10分，是易提分板块，需通过模仿与练习形成稳定写作思路，为Part B大作文奠定基础。,,,,,,,,,,4,,2026-09-05T11:42:23.004406
711,710,3,英语一,5.1 题型概述,3,1,manual,,,,,,,,,,,0,,2026-09-05T11:42:23.004406
712,711,3,英语一,分值与要求,4,1,manual,,,,,,,,,,,0,,2026-09-05T11:42:23.004406
713,711,3,英语一,考查目标,4,1,manual,,,,,,,,,,,1,,2026-09-05T11:42:23.004406
714,711,3,英语一,评分标准,4,1,manual,,,,,,,,,,,2,,2026-09-05T11:42:23.004406
715,711,3,英语一,字数要求,4,1,manual,,,,,,,,,,,3,,2026-09-05T11:42:23.004406
716,710,3,英语一,5.2 书信类,3,1,manual,,,,,,,,,,,1,,2026-09-05T11:42:23.004406
717,716,3,英语一,建议信,4,1,manual,,,,,,,,,,,0,,2026-09-05T11:42:23.004406
718,716,3,英语一,投诉信,4,1,manual,,,,,,,,,,,1,,2026-09-05T11:42:23.004406
719,716,3,英语一,邀请信,4,1,manual,,,,,,,,,,,2,,2026-09-05T11:42:23.004406
720,716,3,英语一,感谢信,4,1,manual,,,,,,,,,,,3,,2026-09-05T11:42:23.004406
721,716,3,英语一,道歉信,4,1,manual,,,,,,,,,,,4,,2026-09-05T11:42:23.004406
722,716,3,英语一,申请信,4,1,manual,,,,,,,,,,,5,,2026-09-05T11:42:23.004406
723,716,3,英语一,推荐信,4,1,manual,,,,,,,,,,,6,,2026-09-05T11:42:23.004406
724,710,3,英语一,5.3 通知类,3,1,manual,,,,,,,,,,,2,,2026-09-05T11:42:23.004406
725,724,3,英语一,通知格式,4,1,manual,,,,,,,,,,,0,,2026-09-05T11:42:23.004406
726,724,3,英语一,活动通知,4,1,manual,,,,,,,,,,,1,,2026-09-05T11:42:23.004406
727,724,3,英语一,招聘通知,4,1,manual,,,,,,,,,,,2,,2026-09-05T11:42:23.004406
728,710,3,英语一,5.4 备忘录与报告,3,1,manual,,,,,,,,,,,3,,2026-09-05T11:42:23.004406
729,728,3,英语一,备忘录格式,4,1,manual,,,,,,,,,,,0,,2026-09-05T11:42:23.004406
730,728,3,英语一,报告格式,4,1,manual,,,,,,,,,,,1,,2026-09-05T11:42:23.004406
731,710,3,英语一,5.5 写作模板与技巧,3,1,manual,,,,,,,,,,,4,,2026-09-05T11:42:23.004406
732,731,3,英语一,开头结尾模板,4,1,manual,,,,,,,,,,,0,,2026-09-05T11:42:23.004406
733,731,3,英语一,常用句式,4,1,manual,,,,,,,,,,,1,,2026-09-05T11:42:23.004406
734,731,3,英语一,段落展开,4,1,manual,,,,,,,,,,,2,,2026-09-05T11:42:23.004406
735,731,3,英语一,时间分配,4,1,manual,,,,,,,,,,,3,,2026-09-05T11:42:23.004406
736,598,3,英语一,第六部分 写作 Part B（大作文）,2,1,manual,本部分聚焦英语一大作文（图画作文），系统讲解题型特点、图画描述、寓意阐释及评论建议的写作策略，并梳理高频话题与实用模板。学习重点在于掌握“描述—阐释—评论”三段式结构，提升语言准确性与逻辑连贯性。作为写作部分的压轴章节，它直接关系主观题得分，是检验综合语言运用能力的关键环节。通过模板与技巧训练，可有效提升应试效率与写作质量。,,,,,,,,,,5,,2026-09-05T11:42:23.004406
737,736,3,英语一,6.1 题型概述,3,1,manual,,,,,,,,,,,0,,2026-09-05T11:42:23.004406
738,737,3,英语一,分值与要求,4,1,manual,,,,,,,,,,,0,,2026-09-05T11:42:23.004406
739,737,3,英语一,考查目标,4,1,manual,,,,,,,,,,,1,,2026-09-05T11:42:23.004406
740,737,3,英语一,评分标准,4,1,manual,,,,,,,,,,,2,,2026-09-05T11:42:23.004406
741,737,3,英语一,字数要求,4,1,manual,,,,,,,,,,,3,,2026-09-05T11:42:23.004406
742,737,3,英语一,图画作文特点,4,1,manual,,,,,,,,,,,4,,2026-09-05T11:42:23.004406
743,736,3,英语一,6.2 图画描述,3,1,manual,,,,,,,,,,,1,,2026-09-05T11:42:23.004406
744,743,3,英语一,画面描述方法,4,1,manual,,,,,,,,,,,0,,2026-09-05T11:42:23.004406
745,743,3,英语一,常用动词与形容词,4,1,manual,,,,,,,,,,,1,,2026-09-05T11:42:23.004406
746,743,3,英语一,细节描写,4,1,manual,,,,,,,,,,,2,,2026-09-05T11:42:23.004406
747,743,3,英语一,引出寓意,4,1,manual,,,,,,,,,,,3,,2026-09-05T11:42:23.004406
748,736,3,英语一,6.3 寓意阐释,3,1,manual,,,,,,,,,,,2,,2026-09-05T11:42:23.004406
749,748,3,英语一,主题提炼,4,1,manual,,,,,,,,,,,0,,2026-09-05T11:42:23.004406
750,748,3,英语一,意义分析,4,1,manual,,,,,,,,,,,1,,2026-09-05T11:42:23.004406
751,748,3,英语一,因果论证,4,1,manual,,,,,,,,,,,2,,2026-09-05T11:42:23.004406
752,748,3,英语一,举例论证,4,1,manual,,,,,,,,,,,3,,2026-09-05T11:42:23.004406
753,736,3,英语一,6.4 评论与建议,3,1,manual,,,,,,,,,,,3,,2026-09-05T11:42:23.004406
754,753,3,英语一,个人观点,4,1,manual,,,,,,,,,,,0,,2026-09-05T11:42:23.004406
755,753,3,英语一,社会影响,4,1,manual,,,,,,,,,,,1,,2026-09-05T11:42:23.004406
756,753,3,英语一,解决措施,4,1,manual,,,,,,,,,,,2,,2026-09-05T11:42:23.004406
757,753,3,英语一,展望未来,4,1,manual,,,,,,,,,,,3,,2026-09-05T11:42:23.004406
758,736,3,英语一,6.5 高频话题,3,1,manual,,,,,,,,,,,4,,2026-09-05T11:42:23.004406
759,758,3,英语一,社会热点,4,1,manual,,,,,,,,,,,0,,2026-09-05T11:42:23.004406
760,758,3,英语一,教育文化,4,1,manual,,,,,,,,,,,1,,2026-09-05T11:42:23.004406
761,758,3,英语一,环境保护,4,1,manual,,,,,,,,,,,2,,2026-09-05T11:42:23.004406
762,758,3,英语一,人生哲理,4,1,manual,,,,,,,,,,,3,,2026-09-05T11:42:23.004406
763,758,3,英语一,科技发展,4,1,manual,,,,,,,,,,,4,,2026-09-05T11:42:23.004406
764,736,3,英语一,6.6 写作模板与技巧,3,1,manual,,,,,,,,,,,5,,2026-09-05T11:42:23.004406
765,764,3,英语一,三段式结构,4,1,manual,,,,,,,,,,,0,,2026-09-05T11:42:23.004406
766,764,3,英语一,高级句式,4,1,manual,,,,,,,,,,,1,,2026-09-05T11:42:23.004406
767,764,3,英语一,连接词运用,4,1,manual,,,,,,,,,,,2,,2026-09-05T11:42:23.004406
768,764,3,英语一,词汇升级,4,1,manual,,,,,,,,,,,3,,2026-09-05T11:42:23.004406
769,764,3,英语一,时间分配,4,1,manual,,,,,,,,,,,4,,2026-09-05T11:42:23.004406
770,598,3,英语一,基础能力模块,2,1,manual,本模块是考研英语一的基础能力训练，涵盖词汇、语法与长难句三大核心。词汇侧重高频词与派生词记忆，语法聚焦长难句中的从句、非谓语及特殊结构，通过拆分与还原法突破理解障碍。该模块为阅读理解、翻译和写作提供必要支撑，是后续题型攻坚的根基，需反复练习以提升语言分析速度与准确性。,,,,,,,,,,6,,2026-09-05T11:42:23.004406
771,770,3,英语一,词汇,3,1,manual,,,,,,,,,,,0,,2026-09-05T11:42:23.004406
772,771,3,英语一,核心词汇5500,4,1,manual,,,,,,,,,,,0,,2026-09-05T11:42:23.004406
773,771,3,英语一,高频词汇,4,1,manual,,,,,,,,,,,1,,2026-09-05T11:42:23.004406
774,771,3,英语一,词根词缀,4,1,manual,,,,,,,,,,,2,,2026-09-05T11:42:23.004406
775,771,3,英语一,熟词僻义,4,1,manual,,,,,,,,,,,3,,2026-09-05T11:42:23.004406
776,771,3,英语一,词汇记忆方法,4,1,manual,,,,,,,,,,,4,,2026-09-05T11:42:23.004406
777,770,3,英语一,语法,3,1,manual,,,,,,,,,,,1,,2026-09-05T11:42:23.004406
778,777,3,英语一,句子成分,4,1,manual,,,,,,,,,,,0,,2026-09-05T11:42:23.004406
779,777,3,英语一,时态语态,4,1,manual,,,,,,,,,,,1,,2026-09-05T11:42:23.004406
780,777,3,英语一,从句系统,4,1,manual,,,,,,,,,,,2,,2026-09-05T11:42:23.004406
781,777,3,英语一,非谓语动词,4,1,manual,,,,,,,,,,,3,,2026-09-05T11:42:23.004406
782,777,3,英语一,特殊句式,4,1,manual,,,,,,,,,,,4,,2026-09-05T11:42:23.004406
783,770,3,英语一,长难句,3,1,manual,,,,,,,,,,,2,,2026-09-05T11:42:23.004406
784,783,3,英语一,主干提取,4,1,manual,,,,,,,,,,,0,,2026-09-05T11:42:23.004406
785,783,3,英语一,从句拆解,4,1,manual,,,,,,,,,,,1,,2026-09-05T11:42:23.004406
786,783,3,英语一,翻译练习,4,1,manual,,,,,,,,,,,2,,2026-09-05T11:42:23.004406
