node_id,name,level,definition,core_elements,key_terms,formulas,common_mistakes,scope_boundary,prerequisites_desc
408,6 计算机的运算方法,2,"计算机的运算方法是研究计算机中数据的表示方法、运算规则及其实现技术，包括定点数和浮点数的算术逻辑运算。","数据表示（定点/浮点） | 运算规则（加减乘除） | 运算器实现（ALU） | 编码方式（原码/补码/反码/移码）","运算方法 | 定点运算 | 浮点运算 | 算术逻辑单元","[]","混淆定点与浮点运算的适用场景 | 忽略不同编码方式的运算差异 | 不理解补码运算的优势","不涉及具体指令集设计和CPU控制逻辑","需掌握二进制数制、逻辑代数基础和计算机系统概述"
409,6.1 无符号数和有符号数,3,"无符号数和有符号数是计算机中数值数据的两大分类，有符号数需要处理符号位和数值位的表示问题。","无符号数（全部位表示数值） | 有符号数（符号位+数值位） | 原码表示 | 补码表示 | 反码表示","无符号数 | 有符号数 | 原码 | 补码 | 反码","[原码范围：-(2^(n-1)-1)~+(2^(n-1)-1) | 补码范围：-2^(n-1)~+(2^(n-1)-1)]","混淆原码与补码的表示范围 | 忽略0在不同编码中的特殊性 | 符号位参与运算规则错误","不涉及浮点数表示和定点运算的实现细节","需掌握二进制编码基础和计算机数据表示概述"
410,无符号数,4,"无符号数是计算机中不使用符号位的数值表示方法，所有二进制位均用于表示数值大小，常用于地址和逻辑运算。","全部位为数值位 | 无符号位 | 表示范围：0~2^n-1 | 适用于地址和计数 | 运算规则简单","无符号数 | 数值位 | 表示范围","[n位无符号数范围：0~2^n-1]","将无符号数与有符号数混淆 | 无符号数运算溢出判断错误 | 忽略无符号数与有符号数的混合运算问题","不涉及有符号数的编码和定点/浮点运算","需理解二进制数制和位权概念"
411,有符号数,4,"有符号数是用符号位和数值位共同表示的带符号数值，符号位0表示正数1表示负数，有原码、补码、反码三种主要表示形式。","符号位（0正1负） | 原码（符号+数值） | 补码（正数同原码/负数取反加1） | 反码（正数同原码/负数符号位不变数值位取反） | 移码","原码 | 补码 | 反码 | 符号位 | 数值位","[正数补码=原码 | 负数补码=反码+1 | 补码真值=X(符号位为0)或X-2^n(符号位为1)]","混淆原码和补码的转换规则 | 0的补码表示错误（只有一种表示） | 忽略补码比原码多表示一个负数","不涉及浮点数表示和定点运算实现","需掌握无符号数表示和二进制编码基础"
412,6.2 数的定点表示和浮点表示,3,"定点表示和浮点表示是计算机中数值的两种基本表示形式，定点数小数点位置固定，浮点数小数点位置可变。","定点整数（小数点在最低位后） | 定点小数（小数点在符号位后） | 浮点数（阶码+尾数） | 表示范围与精度的权衡","定点表示 | 浮点表示 | 阶码 | 尾数 | 规格化","[浮点数N=M×r^E | M为尾数E为阶码r为基数]","定点数和浮点数的表示范围混淆 | 浮点数阶码和尾数的作用理解错误 | 忽略规格化要求","不涉及IEEE 754标准的具体格式和定点运算规则","需掌握有符号数的编码表示和计算机数据表示基础"
413,定点表示,4,"定点表示是将小数点固定在某个位置的数值表示方法，分为定点整数（小数点在末尾）和定点小数（小数点在符号位之后）两种形式。","定点整数 | 定点小数 | 小数点位置固定 | 表示范围受限 | 运算简单","定点整数 | 定点小数 | 小数点","[n+1位定点整数范围：-2^n~+(2^n-1) | n+1位定点小数范围：-(1-2^(-n))~+(1-2^(-n))]","混淆定点整数和定点小数的小数点位置 | 定点数溢出判断错误 | 忽略定点数的表示精度限制","不涉及浮点数表示和定点运算的实现","需理解有符号数的编码和数值表示基础"
414,浮点表示,4,"浮点表示是用阶码和尾数共同表示数值的方法，小数点位置随阶码变化而浮动，可表示很大范围的数值。","阶码E（表示范围） | 尾数M（表示精度） | 基数r（通常为2） | 规格化（尾数最高有效位为1） | 隐含表示","阶码 | 尾数 | 规格化 | 基数 | 浮点数","[N=M×r^E | 规格化：1/|r|≤|M|<1]","阶码和尾数的位数分配不当 | 未进行规格化处理 | 浮点数0的表示错误","不涉及IEEE 754标准的具体格式和定点表示","需掌握定点表示方法和计算机数据表示基础"
415,定点数和浮点数的比较,4,"定点数和浮点数在表示范围、精度、运算速度和硬件复杂度等方面存在显著差异，各有适用场景。","定点数：范围小/精度低/速度快/硬件简单 | 浮点数：范围大/精度高/速度慢/硬件复杂 | 动态范围 | 精度要求","定点数 | 浮点数 | 动态范围 | 精度","[]","仅从表示范围比较而忽略精度差异 | 忽略运算速度和硬件成本的权衡 | 混淆定点数和浮点数的适用场景","不涉及具体运算实现和硬件设计细节","需掌握定点数和浮点数的基本概念和表示方法"
416,举例,4,"通过具体数值示例演示定点数和浮点数的表示方法，加深对不同编码方式和表示形式的理解。","具体数值转换 | 原码/补码/反码实例 | 定点/浮点表示实例 | 规格化处理实例","数值转换 | 编码实例 | 表示实例","[]","数值转换过程中符号位处理错误 | 浮点数规格化步骤遗漏 | 不同编码间的转换规则混淆","不涉及运算规则和硬件实现","需掌握定点数和浮点数的表示方法"
417,IEEE 754标准,4,"IEEE 754是浮点数表示的国际标准，定义了单精度(32位)和双精度(64位)格式，采用隐含位技术提高表示效率。","符号位S(1位) | 阶码E(偏移码) | 尾数M(隐含1) | 单精度(1+8+23) | 双精度(1+11+52)","IEEE 754 | 单精度 | 双精度 | 偏移码 | 隐含位","[单精度：(-1)^S×1.M×2^(E-127) | 双精度：(-1)^S×1.M×2^(E-1023) | 偏移码：E=e+Bias]","偏移码计算错误 | 隐含的整数位1遗漏 | 特殊值（0/无穷/NaN）的表示混淆","不涉及浮点数运算规则和其他浮点标准","需掌握浮点表示的基本概念和规格化方法"
418,6.3 定点运算,3,"定点运算是对定点表示的数值进行的算术和逻辑运算，包括移位、加减、乘除等基本操作，是计算机运算器的核心功能。","移位运算 | 加减运算 | 乘法运算 | 除法运算 | 溢出检测","定点运算 | 移位 | 加法 | 减法 | 乘法 | 除法","[]","定点运算溢出检测方法错误 | 不同编码方式的运算规则混淆 | 移位运算与乘除法的关系理解错误","不涉及浮点运算和ALU电路设计细节","需掌握定点数表示方法和二进制运算基础"
419,移位运算,4,"移位运算是将数据的所有位按指定方向移动若干位的操作，分为逻辑移位和算术移位，是实现乘除法的基础。","逻辑移位（补0） | 算术移位（补符号位） | 左移（乘2） | 右移（除2） | 溢出判断","逻辑移位 | 算术移位 | 左移 | 右移","[左移n位：数值×2^n | 右移n位：数值÷2^n（取整）]","算术移位补位错误（应补符号位而非0） | 左移溢出未检测 | 右移精度损失未处理","不涉及乘除法运算的具体实现和浮点运算","需掌握定点数表示和二进制位操作基础"
420,加法与减法运算,4,"定点加减运算是计算机最基本的操作，通过补码加法统一加减运算，需处理进位和溢出检测。","补码加法：[A]补+[B]补=[A+B]补 | 补码减法：[A]补+[-B]补=[A-B]补 | 进位判断 | 溢出检测","补码加法 | 补码减法 | 进位 | 溢出","[[A+B]补=[A]补+[B]补 | 溢出条件：Cf⊕C1=1（Cf为符号位进位C1为最高数值位进位）]","溢出检测条件使用错误（应异或符号位进位和最高数值位进位） | 忽略双符号位法的使用 | 减法运算时[-B]补计算错误","不涉及乘除法运算和浮点加减运算","需掌握补码表示方法和移位运算基础"
421,乘法运算,4,"定点乘法运算包括原码乘法和补码乘法（Booth算法），通过移位和加法的组合实现乘法操作。","原码乘法（符号位单独处理） | 补码一位乘法（Booth算法） | 部分积 | 移位累加 | 符号位运算","Booth算法 | 部分积 | 原码乘法 | 补码乘法","[Booth算法规则：yiyi+1=00或11不操作/01加[X]补/10加[-X]补后算术右移]","Booth算法的判断规则错误 | 符号位处理混淆（原码与补码不同） | 部分积的位数扩展错误","不涉及除法运算和浮点乘法","需掌握补码加减运算和移位运算基础"
422,除法运算,4,"定点除法运算包括恢复余数法和不恢复余数法（加减交替法），通过移位和减法实现除法操作。","恢复余数法 | 不恢复余数法（加减交替法） | 商的确定 | 余数处理 | 溢出判断","恢复余数法 | 加减交替法 | 商 | 余数","[恢复余数：若余数<0则恢复并商0 | 加减交替：余数<0则加除数右移/余数>0则减除数右移]","恢复余数和不恢复余数法混淆 | 商的符号位确定错误 | 除法溢出判断条件错误","不涉及乘法运算和浮点除法","需掌握补码减法运算和移位运算基础"
423,6.4 浮点四则运算,3,"浮点四则运算包括浮点数的加减乘除操作，需要处理阶码对齐、尾数运算和规格化等特殊步骤。","阶码比较与对齐 | 尾数运算 | 结果规格化 | 舍入处理 | 溢出判断","浮点运算 | 阶码对齐 | 规格化 | 舍入","[]","浮点加减运算阶码对齐步骤错误 | 规格化方向判断错误 | 舍入方式选择不当","不涉及浮点运算的硬件实现和定点运算","需掌握浮点数表示方法和定点运算基础"
424,浮点加减运算,4,"浮点加减运算需要先对阶（小阶向大阶看齐），然后尾数相加减，最后规格化并处理舍入。","对阶（阶差计算/尾数右移） | 尾数加减 | 规格化（左规/右规） | 舍入处理（0舍1入/恒置1/截断）","对阶 | 规格化 | 左规 | 右规 | 舍入","[阶差ΔE=Ea-Eb | 对阶时尾数右移ΔE位 | 右规：尾数溢出右移1位阶码+1]","对阶时尾数移动方向错误（应右移小阶数） | 规格化方向判断错误 | 舍入处理导致精度损失过大","不涉及浮点乘除运算和定点运算","需掌握浮点数表示和定点加减运算基础"
425,浮点乘除法运算,4,"浮点乘除法运算阶码相加减、尾数相乘除，结果需要规格化处理，运算规则比加减法简单。","乘法：阶码相加/尾数相乘 | 除法：阶码相减/尾数相除 | 结果规格化 | 阶码溢出判断","浮点乘法 | 浮点除法 | 阶码运算 | 尾数运算","[乘法：E=Ea+Eb/M=Ma×Mb | 除法：E=Ea-Eb/M=Ma÷Mb]","阶码运算溢出判断错误 | 尾数乘除后规格化遗漏 | 除法时除数为零未处理","不涉及浮点加减运算和定点乘除运算","需掌握浮点加减运算和定点乘除运算基础"
426,浮点运算所需的硬件配置,4,"浮点运算需要专用硬件支持，包括阶码运算器、尾数运算器、规格化检测电路和舍入控制逻辑。","阶码加法器 | 尾数乘法器/除法器 | 规格化检测 | 舍入控制 | 浮点运算器结构","浮点运算器 | 阶码运算器 | 尾数运算器","[]","阶码和尾数运算器的位数配置错误 | 忽略规格化检测电路的作用 | 舍入控制逻辑设计不当","不涉及具体电路实现和时序控制","需掌握浮点运算规则和基本数字电路知识"
427,6.5 算术逻辑单元,3,"算术逻辑单元（ALU）是执行算术运算和逻辑运算的核心部件，是CPU运算器的主要组成部分。","算术运算 | 逻辑运算 | ALU功能 | 进位处理 | 标志位生成","ALU | 算术运算 | 逻辑运算 | 进位 | 标志位","[]","ALU功能范围混淆 | 忽略标志位的作用 | 不理解ALU与控制器的关系","不涉及ALU的具体电路设计和控制单元","需掌握定点运算基础和数字逻辑电路知识"
428,ALU电路,4,"ALU电路是实现算术逻辑运算的组合逻辑电路，通过功能选择信号控制执行加减、与或非等不同操作。","功能选择 | 输入输出 | 进位链 | 标志位输出 | 集成ALU芯片","ALU电路 | 功能选择 | 进位链","[ALU核心：全加器阵列 | 功能选择：M(模式)/S(功能)控制]","ALU功能选择信号理解错误 | 进位传递机制混淆 | 标志位生成条件错误","不涉及快速进位链的具体实现和时序控制","需掌握算术逻辑运算规则和组合逻辑电路基础"
429,快速进位链,4,"快速进位链是为解决串行进位速度慢的问题而设计的并行进位技术，包括超前进位和分组进位等方法。","串行进位（速度慢） | 并行进位（超前进位） | 进位生成G | 进位传递P | 分组进位","超前进位 | 进位生成 | 进位传递 | 并行进位","[Gi=Ai×Bi | Pi=Ai⊕Bi | Ci+1=Gi+Pi×Ci | 超前进位：Ci+1=G0+P0G1+P0P1G2+...]","超前进位公式推导错误 | G和P的定义混淆 | 分组进位的组间进位处理错误","不涉及ALU整体设计和时序控制","需掌握全加器原理和组合逻辑电路基础"
430,7 指令系统,2,"指令系统是计算机硬件与软件之间的接口，定义了机器所能执行的全部指令集合，是指令集架构（ISA）的核心。","指令格式 | 寻址方式 | 操作类型 | 操作数类型 | RISC/CISC","指令系统 | ISA | 指令格式 | 寻址方式","[]","混淆指令系统与指令集架构的概念 | 不理解指令系统对软硬件的影响 | 忽略指令系统的兼容性问题","不涉及CPU的具体实现和指令执行细节","需掌握计算机系统概述和二进制编码基础"
431,7.1 机器指令,3,"机器指令是计算机硬件能直接识别和执行的命令，由操作码和地址码组成，规定了操作类型和操作数来源。","操作码（OP） | 地址码（A） | 指令格式 | 指令长度 | 指令字","机器指令 | 操作码 | 地址码 | 指令字","[]","操作码和地址码的作用混淆 | 指令字长概念错误 | 不理解指令与微命令的关系","不涉及具体指令格式设计和寻址方式","需掌握指令系统概述和计算机数据表示"
432,指令的一般格式,4,"指令的一般格式包括操作码字段和地址码字段，操作码指明操作类型，地址码指明操作数地址或下一条指令地址。","操作码字段（OP） | 地址码字段（地址数量可变） | 三地址/二地址/一地址/零地址指令","操作码 | 地址码 | 三地址指令 | 零地址指令","[]","不同地址数指令的功能混淆 | 操作码扩展技术理解错误 | 忽略指令长度对性能的影响","不涉及具体寻址方式和指令系统设计","需掌握机器指令的基本概念"
433,指令字长,4,"指令字长是指指令所占的二进制位数，分为固定字长和可变字长两种，影响指令系统的规整性和编码效率。","固定字长（规整/译码简单） | 可变字长（灵活/编码复杂） | 半字长指令 | 双字长指令","指令字长 | 固定字长 | 可变字长","[]","固定字长和可变字长的优缺点混淆 | 指令字长与存储字长的关系错误 | 可变字长指令译码复杂度低估","不涉及具体指令格式和寻址方式","需掌握指令的基本格式和操作码地址码概念"
434,7.2 操作数类型和操作类型,3,"操作数类型指指令处理的数据类型，操作类型指指令执行的功能类别，两者共同决定指令的行为。","操作数类型（地址/标量/向量/字符串） | 操作类型（算术/逻辑/移位/控制/数据传送）","操作数类型 | 操作类型 | 标量 | 向量","[]","操作数类型与数据类型混淆 | 操作类型分类标准不清晰 | 忽略不同操作类型对硬件的要求","不涉及具体指令格式和寻址方式","需掌握机器指令的基本格式和计算机数据表示"
435,操作数类型,4,"操作数类型包括地址、标量数据、向量数据和字符串等，不同类型数据需要不同的处理方式和存储格式。","地址（指针） | 标量（基本数据类型） | 向量（数组） | 字符串 | 数据宽度","操作数 | 标量 | 向量 | 字符串 | 地址","[]","操作数类型与存储格式的对应关系错误 | 忽略不同操作数类型的处理差异 | 地址作为操作数的特殊性忽略","不涉及具体操作类型和指令格式","需掌握计算机数据表示和存储基础"
436,数据在存储器中的存放方式,4,"数据在存储器中的存放方式包括大端模式和小端模式，影响多字节数据的存储顺序和跨平台兼容性。","大端模式（高字节低地址） | 小端模式（低字节低地址） | 字节对齐 | 边界对齐","大端 | 小端 | 字节序 | 对齐","[]","大端和小端模式的字节顺序混淆 | 未考虑字节对齐问题 | 跨平台数据传输字节序不处理","不涉及具体存储器组织和寻址方式","需掌握操作数类型和计算机数据表示基础"
437,操作类型,4,"操作类型包括算术运算、逻辑运算、移位操作、控制转移和数据传送等，是指令功能的分类。","算术运算（加减乘除） | 逻辑运算（与或非异或） | 移位（逻辑/算术） | 控制转移（跳转/调用） | 数据传送（加载/存储）","算术运算 | 逻辑运算 | 移位 | 控制转移 | 数据传送","[]","操作类型分类遗漏关键类别 | 不同操作类型对ALU的要求混淆 | 控制转移操作的特殊性忽略","不涉及具体指令格式和寻址方式","需掌握操作数类型和计算机运算基础"
438,7.3 寻址方式,3,"寻址方式是指确定操作数地址或下一条指令地址的方法，是指令系统设计的核心内容，影响程序的灵活性和效率。","指令寻址（顺序/跳跃） | 数据寻址（立即/直接/间接/寄存器/基址/变址/相对）","寻址方式 | 立即寻址 | 直接寻址 | 间接寻址 | 寄存器寻址","[]","不同寻址方式的地址计算规则混淆 | 忽略寻址方式对程序设计的影响 | 有效地址的计算错误","不涉及具体指令格式和CPU执行过程","需掌握指令格式和计算机数据表示基础"
439,指令寻址,4,"指令寻址是确定下一条指令地址的方法，包括顺序寻址（PC+1）和跳跃寻址（转移指令修改PC值）。","顺序寻址（PC自增） | 跳跃寻址（转移指令） | 程序计数器PC | 跳转地址","指令寻址 | 顺序寻址 | 跳跃寻址 | PC","[]","顺序寻址的PC更新时机错误 | 跳跃寻址的目标地址计算混淆 | 忽略PC在不同指令阶段的变化","不涉及数据寻址和具体寻址方式","需掌握指令的基本格式和程序执行流程"
440,数据寻址,4,"数据寻址是确定操作数实际地址的方法，有立即、直接、间接、寄存器、基址、变址、相对等多种方式。","立即寻址（操作数在指令中） | 直接寻址（地址字段是有效地址） | 间接寻址（地址字段是地址的地址） | 寄存器寻址（操作数在寄存器） | 基址/变址/相对寻址","有效地址EA | 立即数 | 直接地址 | 间接地址 | 寄存器编号","[立即寻址：A=操作数 | 直接寻址：EA=A | 间接寻址：EA=(A) | 寄存器寻址：A=Ri | 基址寻址：EA=(BR)+A | 变址寻址：EA=(IX)+A | 相对寻址：EA=(PC)+A]","各寻址方式的有效地址计算公式混淆 | 立即寻址与直接寻址混淆 | 间接寻址的寻址层数理解错误","不涉及指令寻址和具体指令格式","需掌握指令格式和计算机数据存储基础"
441,7.4 指令格式举例,3,"通过具体指令格式实例分析指令系统的设计方法，加深对操作码、地址码和寻址方式的理解。","具体指令格式分析 | 操作码编码 | 地址码设计 | 寻址方式选择","指令格式 | 操作码 | 地址码 | 寻址方式","[]","操作码和地址码的位数分配不当 | 未考虑指令系统的兼容性 | 忽略指令格式对性能的影响","不涉及指令系统设计原则和CPU实现","需掌握指令格式的基本概念和寻址方式"
442,设计指令格式应考虑的各种因素,4,"设计指令格式需考虑操作码长度、地址码数量、寻址方式、指令字长、兼容性、译码复杂度等多种因素。","操作码设计（固定/可变） | 地址码数量 | 寻址方式种类 | 指令字长 | 兼容性 | 译码效率","操作码 | 地址码 | 指令字长 | 兼容性","[]","各设计因素之间的权衡关系理解错误 | 忽略指令系统的向后兼容性 | 操作码扩展技术运用不当","不涉及具体指令格式实例和CPU实现","需掌握指令格式基本概念和寻址方式"
443,指令格式举例,4,"通过典型指令格式实例分析操作码编码、地址码设计和寻址方式选择的实际应用。","典型指令格式分析 | 操作码扩展实例 | 地址码设计实例 | 综合设计实例","指令格式 | 操作码扩展 | 地址码","[]","操作码扩展规则应用错误 | 指令格式与寻址方式匹配不当 | 忽略指令长度限制","不涉及指令系统设计原则和硬件实现","需掌握指令格式设计因素和寻址方式"
444,指令格式设计举例,4,"通过具体设计实例演示指令格式的设计过程，包括需求分析、格式确定和优化调整。","需求分析 | 格式设计 | 优化调整 | 性能评估 | 兼容性验证","设计实例 | 需求分析 | 格式优化","[]","设计过程不系统 | 未考虑实际应用需求 | 忽略与其他指令的协调","不涉及指令系统的整体架构设计","需掌握指令格式设计的各种因素"
445,7.5 RISC技术,3,"RISC（精简指令集计算机）是一种指令系统设计思想，通过简化指令集提高处理器性能和效率。","精简指令集 | 硬布线控制 | 流水线技术 | 寄存器窗口 | 高效编译","RISC | 精简指令集 | 硬布线控制 | 流水线","[]","RISC与CISC的界限混淆 | RISC的精简原则理解片面 | 忽略RISC的硬件复杂度","不涉及CISC的具体实现和CPU结构","需掌握指令系统基本概念和处理器设计基础"
446,RISC的产生和发展,4,"RISC技术源于对CISC复杂性的反思，通过简化指令提高执行效率，从伯克利RISC到商业处理器的发展历程。","CISC的复杂性问题 | 伯克利RISC项目 | 斯坦福MIPS | 商业RISC处理器","RISC产生 | CISC问题 | 伯克利RISC | MIPS","[]","RISC产生的历史背景理解不足 | RISC与CISC的演进关系混淆 | 忽略RISC技术的实际应用","不涉及RISC的具体特征和与CISC的详细比较","需掌握指令系统基本概念和计算机发展史"
447,RISC的主要特征,4,"RISC的主要特征包括指令长度固定、寻址方式简单、寄存器数量多、硬布线控制、高效流水线等。","指令长度固定 | 指令种类少 | 寻址方式简单 | 寄存器多 | 硬布线控制 | Load/Store结构","RISC特征 | 固定长度 | 寄存器多 | 硬布线","[]","RISC特征理解不全面 | 与CISC特征混淆 | 忽略RISC的流水线优势","不涉及CISC特征和两种架构的详细比较","需掌握RISC技术的产生背景和基本思想"
448,RISC和CISC的比较,4,"RISC和CISC是指令系统的两大设计理念，在指令数量、复杂度、性能、成本等方面存在显著差异。","指令数量（RISC少/CISC多） | 指令复杂度（RISC简单/CISC复杂） | 控制方式（RISC硬布线/CISC微程序） | 性能特点","RISC | CISC | 比较 | 硬布线 | 微程序","[]","RISC和CISC的优缺点比较片面 | 两种架构的界限绝对化 | 忽略现代处理器的融合趋势","不涉及具体处理器实现和指令系统设计","需掌握RISC和CISC的基本特征"
449,8 CPU的结构和功能,2,"CPU的结构和功能研究处理器的内部组成、工作原理和指令执行过程，是指令流水和中断系统的基础。","CPU组成 | 功能划分 | 指令周期 | 流水线技术 | 中断系统","CPU | 指令周期 | 流水线 | 中断系统","[]","CPU结构与功能的关系理解不透彻 | 忽略CPU设计的权衡因素 | 混淆CPU与存储器的功能边界","不涉及具体的控制单元设计和指令系统","需掌握指令系统概念和计算机系统组成"
450,8.1 CPU的结构,3,"CPU由运算器、控制器和寄存器组等部件组成，负责指令的取指、译码和执行。","运算器（ALU） | 控制器（CU） | 寄存器组 | 内部总线 | 数据通路","CPU结构 | 运算器 | 控制器 | 寄存器","[]","CPU各部件功能混淆 | 内部总线与外部总线混淆 | 忽略寄存器组的作用","不涉及具体寄存器设计和控制信号生成","需掌握计算机系统组成和指令系统基础"
451,CPU的功能,4,"CPU的功能包括指令控制（程序顺序执行）、操作控制（微命令生成）、时间控制（时序控制）和数据处理（算术逻辑运算）。","指令控制 | 操作控制 | 时间控制 | 数据处理 | 中断处理","指令控制 | 操作控制 | 时间控制 | 数据处理","[]","CPU四大功能混淆 | 忽略中断处理的重要性 | 时间控制功能理解不足","不涉及具体控制单元设计和中断系统实现","需掌握CPU的基本组成和计算机系统功能"
452,CPU结构框图,4,"CPU结构框图展示运算器、控制器、寄存器组和内部总线的连接关系，反映数据通路和控制信号的流向。","运算器 | 控制器 | 寄存器组 | 内部总线 | 数据通路 | 控制信号","CPU框图 | 数据通路 | 控制信号 | 内部总线","[]","数据通路与控制信号混淆 | 寄存器间的数据传输路径错误 | 总线结构理解不准确","不涉及具体控制信号的生成和时序控制","需掌握CPU各部件的功能和连接关系"
453,CPU的寄存器,4,"CPU寄存器包括数据寄存器、地址寄存器、控制寄存器和状态寄存器等，用于暂存指令、数据和地址信息。","通用寄存器（数据/地址） | 专用寄存器（PC/IR/SP） | 状态寄存器（PSW） | 控制寄存器","寄存器 | PC | IR | PSW | SP","[]","通用寄存器和专用寄存器的功能混淆 | PSW各位的含义理解错误 | 寄存器数量对性能的影响忽略","不涉及寄存器的具体实现和存储层次","需掌握CPU的基本组成和数据通路概念"
454,控制单元和中断系统,4,"控制单元负责生成微操作命令序列控制指令执行，中断系统处理外部异步事件，两者是CPU的核心控制部件。","控制单元（微操作命令生成） | 中断系统（中断请求/响应/处理） | 时序控制 | 优先级管理","控制单元 | 中断系统 | 微操作 | 优先级","[]","控制单元与中断系统的功能混淆 | 中断响应时机判断错误 | 忽略控制单元的时序控制作用","不涉及控制单元的具体设计和中断系统详细实现","需掌握CPU的基本组成和指令执行过程"
455,8.2 指令周期,3,"指令周期是CPU取出并执行一条指令所需的全部时间，包括取指、间址、执行和中断四个子周期。","取指周期（Fetch） | 间址周期（Indirect） | 执行周期（Execute） | 中断周期（Interrupt）","指令周期 | 取指周期 | 执行周期 | 中断周期","[]","四个子周期的顺序混淆 | 不同指令的周期差异理解错误 | 忽略中断周期的可选性","不涉及具体微操作命令和时序控制","需掌握CPU结构和指令格式基础"
456,指令周期的基本概念,4,"指令周期是完成一条指令所需的时间，由取指、间址、执行和中断四个机器周期组成，每个周期完成特定操作。","取指周期（取指令） | 间址周期（取有效地址） | 执行周期（执行指令） | 中断周期（响应中断）","机器周期 | 时钟周期 | 指令周期","[指令周期=取指周期+间址周期+执行周期+中断周期]","指令周期与机器周期混淆 | 四个周期的作用混淆 | 忽略不同指令的周期差异","不涉及具体微操作命令和时序信号","需掌握CPU结构和指令周期基本概念"
457,指令周期的数据流,4,"指令周期的数据流描述取指、间址、执行和中断各阶段数据在CPU内部和与存储器之间的传输路径。","取指数据流 | 间址数据流 | 执行数据流 | 中断数据流 | 数据通路","数据流 | 数据通路 | 存储器访问 | 寄存器传输","[]","各阶段数据流路径混淆 | 数据传输方向错误 | 忽略控制信号对数据流的控制","不涉及具体微操作命令和时序控制","需掌握指令周期的基本概念和CPU结构"
458,8.3 指令流水,3,"指令流水是将指令执行过程分成多个阶段，多条指令重叠执行的技术，可显著提高CPU吞吐率。","流水线概念 | 流水段 | 吞吐率 | 加速比 | 流水线冲突","指令流水 | 流水线 | 吞吐率 | 加速比","[]","流水线原理与并行处理混淆 | 流水线冲突类型识别错误 | 吞吐率计算公式使用错误","不涉及流水线的具体实现和冲突解决方案","需掌握指令周期概念和CPU执行过程"
459,指令流水原理,4,"指令流水将指令执行分为取指、译码、执行、访存、写回等阶段，各阶段由独立硬件完成，实现指令重叠执行。","流水段划分 | 各阶段独立 | 重叠执行 | 吞吐率提升 | 流水线寄存器","流水段 | 重叠执行 | 流水线寄存器 | 吞吐率","[吞吐率TP=n/(k+n-1)×Δt | n为指令数k为段数Δt为时钟周期]","流水段划分不合理 | 忽略流水线寄存器的作用 | 吞吐率计算错误","不涉及流水线冲突和性能优化","需掌握指令周期的各阶段划分"
460,影响流水线性能的因素,4,"影响流水线性能的因素包括结构冲突（资源竞争）、数据冲突（数据相关）和控制冲突（分支相关）。","结构冲突（资源竞争） | 数据冲突（RAW/WAR/WAW） | 控制冲突（分支） | 冲突检测与解决","结构冲突 | 数据冲突 | 控制冲突 | RAW | WAR","[]","三种冲突类型混淆 | 数据冲突的三种形式（RAW/WAR/WAW）混淆 | 冲突解决方法选择不当","不涉及具体的冲突解决方案和性能优化","需掌握指令流水的基本原理"
461,流水线性能,4,"流水线性能通过吞吐率、加速比和效率三个指标衡量，反映流水线的并行处理能力和资源利用效率。","吞吐率（单位时间完成指令数） | 加速比（流水/非流水时间比） | 效率（时空图利用率）","吞吐率 | 加速比 | 效率 | 时空图","[吞吐率TP=指令数/总时间 | 加速比S=非流水时间/流水时间 | 效率E=吞吐率×时钟周期/段数]","吞吐率、加速比和效率的计算公式混淆 | 理想吞吐率与实际吞吐率混淆 | 效率与加速比的关系理解错误","不涉及流水线冲突解决方案和具体实现","需掌握指令流水原理和性能指标概念"
462,流水线中的多发技术,4,"流水线多发技术包括超标量、超长指令字和超流水线，通过在一个时钟周期内发射多条指令进一步提高性能。","超标量（多发射） | 超长指令字（VLIW） | 超流水线 | 指令级并行","超标量 | VLIW | 超流水线 | 多发射","[]","三种多发技术混淆 | 超标量与VLIW的区别理解错误 | 忽略编译器在VLIW中的作用","不涉及具体处理器实现和性能分析","需掌握指令流水原理和性能指标"
463,流水线结构,4,"流水线结构包括指令流水线和运算流水线，有线性流水线和非线性流水线两种基本形式。","指令流水线 | 运算流水线 | 线性流水线 | 非线性流水线 | 流水线寄存器","线性流水线 | 非线性流水线 | 流水线寄存器","[]","指令流水线与运算流水线混淆 | 线性与非线性流水线的区别理解错误 | 忽略流水线寄存器的关键作用","不涉及流水线冲突和性能优化","需掌握指令流水原理和多发技术"
464,8.4 中断系统,3,"中断系统是CPU处理外部异步事件的机制，包括中断请求、中断判优、中断响应、中断服务和中断返回等过程。","中断请求 | 中断判优 | 中断响应 | 中断服务 | 中断返回 | 中断屏蔽","中断 | 中断请求 | 中断响应 | 中断屏蔽","[]","中断与异常（陷阱）混淆 | 中断响应时机判断错误 | 中断优先级管理不当","不涉及具体中断控制器和中断服务程序设计","需掌握CPU结构和指令周期概念"
465,概述,4,"中断系统概述介绍中断的基本概念、分类、中断源和中断处理的一般过程，是深入学习中断机制的基础。","中断概念 | 中断分类（可屏蔽/不可屏蔽） | 中断源 | 中断处理过程","中断 | 中断源 | 可屏蔽中断 | 不可屏蔽中断","[]","可屏蔽中断与不可屏蔽中断混淆 | 中断与异常的区别理解错误 | 忽略中断的嵌套处理","不涉及具体中断控制器和中断服务程序","需掌握CPU结构和中断系统基本概念"
466,中断请求标记和中断判优逻辑,4,"中断请求标记记录各中断源的请求状态，中断判优逻辑确定多个同时中断请求的响应优先级。","中断请求标记（INTR） | 中断判优（硬件/软件） | 优先级编码 | 链式优先级","中断请求 | 中断判优 | 优先级 | 链式判优","[]","中断请求标记的置位清零条件混淆 | 硬件判优与软件判优的区别理解错误 | 优先级分配原则错误","不涉及中断响应和中断服务程序","需掌握中断系统基本概念和中断源分类"
467,中断服务程序入口地址的寻找,4,"中断服务程序入口地址的寻找有硬件向量法和软件查询法两种，硬件向量法通过中断向量表快速定位。","硬件向量法（中断向量表） | 软件查询法（逐个查询） | 中断向量 | 入口地址","中断向量 | 向量表 | 硬件向量法 | 软件查询法","[]","硬件向量法和软件查询法的效率混淆 | 中断向量地址计算错误 | 忽略中断向量表的组织方式","不涉及中断响应和中断服务程序设计","需掌握中断请求标记和中断判优逻辑"
468,中断响应,4,"中断响应是CPU在满足条件时接受中断请求的过程，需在适当时机响应并保存断点和现场信息。","响应条件（中断允许/无更高级中断） | 保存断点（PC/PSW） | 关中断 | 中断隐指令","中断响应 | 断点保存 | 关中断 | 中断隐指令","[]","中断响应时机判断错误 | 断点保存内容遗漏 | 忽略中断隐指令的作用","不涉及中断服务程序和现场恢复","需掌握中断判优和中断向量概念"
469,保护现场和恢复现场,4,"保护现场是将中断前的CPU状态（寄存器、标志位等）保存到堆栈或特定区域，恢复现场是中断返回前恢复这些状态。","保护现场（保存寄存器/标志位） | 恢复现场（恢复寄存器/标志位） | 堆栈操作 | 中断返回","保护现场 | 恢复现场 | 堆栈 | 中断返回","[]","保护和恢复现场的内容混淆 | 恢复现场的时机错误 | 忽略标志位的保护恢复","不涉及中断响应和中断服务程序设计","需掌握中断响应和断点保存概念"
470,中断屏蔽技术,4,"中断屏蔽技术通过设置中断屏蔽字控制中断的响应，实现中断优先级的动态调整和中断嵌套的灵活控制。","中断屏蔽字 | 屏蔽触发器 | 动态优先级调整 | 中断嵌套控制","中断屏蔽 | 屏蔽字 | 优先级调整 | 嵌套","[]","中断屏蔽与中断关闭混淆 | 屏蔽字设置规则错误 | 忽略屏蔽技术在中断嵌套中的应用","不涉及中断控制器和中断服务程序","需掌握中断响应和中断优先级概念"
471,9 控制单元的功能,2,"控制单元的功能是分析指令并发出微操作命令序列，控制数据通路完成指令的取指和执行过程。","指令分析 | 微操作命令 | 时序控制 | 数据通路控制 | 指令执行","控制单元 | 微操作命令 | 时序控制 | 数据通路","[]","控制单元与运算器功能混淆 | 微操作命令的粒度理解错误 | 忽略时序控制的重要性","不涉及控制单元的具体设计方法","需掌握CPU结构、指令周期和数据通路概念"
472,9.1 微操作命令的分析,3,"微操作命令是控制数据通路中各部件操作的最基本控制信号，需要按指令周期的各阶段进行分析。","取指周期微操作 | 间址周期微操作 | 执行周期微操作 | 中断周期微操作","微操作命令 | 取指 | 间址 | 执行 | 中断","[]","各周期微操作命令混淆 | 微操作命令与控制信号混淆 | 忽略微操作命令的时序关系","不涉及控制信号的具体生成方法","需掌握指令周期和数据通路概念"
473,取指周期,4,"取指周期完成从存储器取出指令并送入IR，同时PC自增指向下一条指令，是指令执行的起始阶段。","PC→MAR | M(MAR)→MDR | MDR→IR | (PC)+1→PC | 指令译码","取指周期 | PC | MAR | MDR | IR","[]","取指周期微操作序列错误 | PC更新时机混淆 | 忽略存储器访问的时序要求","不涉及间址周期和执行周期的微操作","需掌握指令周期和CPU内部数据通路"
474,间址周期,4,"间址周期完成间接寻址操作，从存储器取出有效地址，是指令执行中地址计算的关键阶段。","地址码→MAR | M(MAR)→MDR | MDR→有效地址 | 间址标志检测","间址周期 | 有效地址 | 间接寻址","[EA=(A) | 间址次数取决于寻址方式]","间址周期与取指周期混淆 | 有效地址计算错误 | 忽略多级间接寻址的处理","不涉及取指周期和执行周期","需掌握寻址方式和取指周期微操作"
475,执行周期,4,"执行周期根据指令类型完成具体操作，包括算术逻辑运算、数据传送、控制转移等，是最复杂的阶段。","算术逻辑运算 | 数据传送 | 控制转移 | I/O操作 | 结果存储","执行周期 | 算术运算 | 数据传送 | 控制转移","[]","不同指令类型的执行周期混淆 | 运算结果存储位置错误 | 忽略控制转移指令的PC更新","不涉及取指周期和中断周期","需掌握指令格式和操作类型"
476,中断周期,4,"中断周期在指令执行完毕后响应中断请求，完成保存断点、关中断、转中断服务程序入口等操作。","保存断点（入栈） | 关中断 | 中断向量→PC | 准备中断服务","中断周期 | 断点保存 | 关中断 | 中断向量","[]","中断周期与执行周期混淆 | 断点保存内容遗漏 | 中断向量地址计算错误","不涉及中断服务程序和现场恢复","需掌握中断系统基本概念和取指周期"
477,9.2 控制单元的功能,3,"控制单元负责接收指令译码信号，结合时序信号发出微操作命令序列，控制数据通路完成指令执行。","指令译码 | 时序信号 | 微操作命令序列 | 数据通路控制 | 操作控制","控制单元 | 微操作命令 | 时序信号 | 指令译码","[]","控制单元的输入输出信号混淆 | 时序信号的作用理解错误 | 忽略控制单元与寄存器的交互","不涉及控制单元的具体设计方法","需掌握微操作命令分析和CPU结构"
478,控制单元的外特性,4,"控制单元的外特性包括输入信号（指令、状态、时序）、输出信号（微操作命令）和控制信号的时序关系。","输入信号（IR/PSW/时序） | 输出信号（微操作命令） | 控制信号 | 时序关系","控制单元 | 输入信号 | 输出信号 | 微操作命令","[]","控制单元输入输出信号混淆 | 控制信号的时序要求理解错误 | 忽略状态信号对控制的影响","不涉及控制信号的生成方法和时序系统","需掌握控制单元的基本功能和微操作命令"
479,控制信号举例,4,"通过具体指令的执行过程展示控制信号的生成和时序，加深对控制单元功能的理解。","具体指令控制信号 | 时序配合 | 数据通路控制 | 信号生成","控制信号 | 时序配合 | 数据通路","[]","控制信号与时序的配合错误 | 不同指令的控制信号混淆 | 忽略控制信号的有效时序","不涉及控制信号的生成方法和时序系统","需掌握控制单元的功能和微操作命令"
480,多级时序系统,4,"多级时序系统由机器周期、时钟周期和节拍组成，为控制单元提供精确的时序基准，控制微操作的执行顺序。","机器周期（指令周期/总线周期） | 时钟周期（节拍） | 节拍电位 | 时序信号","时钟周期 | 节拍 | 机器周期 | 时序信号","[]","机器周期与指令周期混淆 | 时钟周期与节拍的关系理解错误 | 时序信号的作用混淆","不涉及具体时序信号的生成和控制方式","需掌握控制单元功能和指令周期概念"
481,控制方式,4,"控制方式包括同步控制、异步控制和联合控制，决定微操作命令的时序配合和数据通路的工作方式。","同步控制（统一时序） | 异步控制（应答信号） | 联合控制（混合方式）","同步控制 | 异步控制 | 联合控制","[]","三种控制方式的区别混淆 | 同步控制和异步控制的适用场景混淆 | 忽略联合控制的实际应用","不涉及具体时序系统和控制信号生成","需掌握多级时序系统和控制单元功能"
482,多级时序系统实例分析,4,"通过具体CPU实例分析多级时序系统的组成和工作原理，加深对时序控制的理解。","实例分析 | 时序信号生成 | 节拍配合 | 控制信号时序","实例分析 | 时序信号 | 节拍配合","[]","时序信号的生成机制混淆 | 不同CPU的时序系统差异理解不足 | 忽略时序系统对性能的影响","不涉及控制信号的生成方法和控制方式","需掌握多级时序系统和控制方式概念"
483,10 控制单元的设计,2,"控制单元的设计方法包括组合逻辑设计和微程序设计两种，是指令系统与硬件实现之间的桥梁。","组合逻辑设计 | 微程序设计 | 控制信号生成 | 时序配合 | 设计方法比较","组合逻辑设计 | 微程序设计 | 控制单元","[]","两种设计方法的优缺点混淆 | 设计步骤和流程理解错误 | 忽略设计方法的选择依据","不涉及具体的指令系统和CPU结构","需掌握控制单元功能、微操作命令和时序系统"
484,10.1 组合逻辑设计,3,"组合逻辑设计是用门电路和触发器等组合逻辑电路直接实现控制信号的生成，速度快但设计复杂。","组合逻辑电路 | 控制信号生成 | 门电路实现 | 速度快/设计复杂","组合逻辑设计 | 门电路 | 控制信号","[]","组合逻辑设计与微程序设计混淆 | 控制信号的逻辑表达式推导错误 | 忽略时序信号的配合","不涉及微程序设计方法和具体实现","需掌握控制单元功能和组合逻辑电路基础"
485,组合逻辑控制单元框图,4,"组合逻辑控制单元框图展示输入信号（指令/状态/时序）、组合逻辑电路和输出信号（微操作命令）的连接关系。","输入信号（IR/状态/时序） | 组合逻辑电路 | 输出信号（微操作命令） | 控制信号生成","控制单元框图 | 输入信号 | 输出信号 | 组合逻辑","[]","输入输出信号连接错误 | 组合逻辑电路的功能理解不准确 | 忽略时序信号的输入","不涉及组合逻辑设计的具体步骤","需掌握控制单元的功能和外特性"
486,微操作的节拍安排,4,"微操作的节拍安排是确定各微操作命令在时钟周期内的执行顺序和时序配合，是组合逻辑设计的关键步骤。","微操作时序 | 节拍分配 | 时钟周期 | 并行执行 | 时序约束","节拍安排 | 时钟周期 | 并行执行","[]","微操作的时序关系混淆 | 串行与并行微操作安排错误 | 忽略时钟周期的限制","不涉及组合逻辑设计的具体步骤和微程序设计","需掌握微操作命令分析和多级时序系统"
487,组合逻辑设计步骤,4,"组合逻辑设计包括列出微操作序列、安排节拍、写出逻辑表达式、化简和电路实现等步骤。","列出微操作序列 | 安排节拍 | 写逻辑表达式 | 化简 | 电路实现","设计步骤 | 逻辑表达式 | 化简 | 电路实现","[]","设计步骤顺序混淆 | 逻辑表达式推导错误 | 忽略逻辑表达式的化简优化","不涉及微程序设计和具体电路实现","需掌握微操作节拍安排和组合逻辑电路基础"
488,10.2 微程序设计,3,"微程序设计是用微程序代替组合逻辑电路实现控制单元，将微操作命令序列编成微程序存储在控制存储器中。","微程序 | 微指令 | 微命令 | 控制存储器（CM） | 微程序执行","微程序设计 | 微指令 | 微命令 | 控制存储器","[]","微程序与机器程序混淆 | 微指令与微命令的关系理解错误 | 忽略控制存储器的特殊性","不涉及组合逻辑设计和具体微指令格式","需掌握控制单元功能和组合逻辑设计基础"
489,微程序设计思想的产生,4,"微程序设计思想由Wilkes于1951年提出，用存储程序的概念实现控制逻辑，解决了组合逻辑设计的复杂性问题。","Wilkes提出 | 存储程序概念 | 控制逻辑存储化 | 设计规整化","Wilkes | 微程序设计思想 | 存储程序","[]","微程序设计思想的产生背景理解不足 | 与组合逻辑设计的关系混淆 | 忽略微程序设计的发展历程","不涉及微程序设计的具体实现和优缺点","需掌握控制单元功能和组合逻辑设计基础"
490,微程序控制单元框图及工作原理,4,"微程序控制单元通过控制存储器存放微程序，通过微地址寄存器和微指令寄存器协调工作，完成指令执行。","控制存储器（CM） | 微地址寄存器（CMAR） | 微指令寄存器（IRμ） | 微程序执行流程","控制存储器 | CMAR | IRμ | 微程序执行","[]","微程序控制单元与CPU控制单元混淆 | CMAR和IRμ的功能混淆 | 忽略微程序的执行流程","不涉及微指令编码方式和格式设计","需掌握微程序设计的基本概念"
491,微指令的编码方式,4,"微指令的编码方式决定微命令字段的组织形式，包括直接编码、字段直接编码、字段间接编码和混合编码。","直接编码（一位一命令） | 字段直接编码（分组编码） | 字段间接编码（分组嵌套） | 混合编码","直接编码 | 字段编码 | 间接编码 | 混合编码","[直接编码：控制位数=微命令数 | 字段编码：控制位数=Σ(2^字段位数-1)]","各种编码方式的优缺点混淆 | 字段编码的位数计算错误 | 间接编码的嵌套关系理解错误","不涉及微指令格式和控制存储器设计","需掌握微程序设计和微命令概念"
492,微指令序列地址的形成,4,"微指令序列地址的形成方式包括增量方式、下地址字段、增量计数器和多路转移等，决定微程序的执行顺序。","增量方式（顺序执行） | 下地址字段（直接给出） | 增量计数器 | 多路转移（条件分支）","微地址 | 增量方式 | 下地址 | 多路转移","[]","微地址形成方式混淆 | 顺序执行与分支转移的地址计算错误 | 忽略条件分支的多路转移","不涉及微指令格式和编码方式","需掌握微程序执行流程和控制存储器概念"
493,微指令格式,4,"微指令格式决定微指令的位数和字段组织，分为水平型微指令（字长齐全）和垂直型微指令（类似机器指令）。","水平型微指令（并行控制能力强） | 垂直型微指令（规整/字长较短） | 控制字段 | 判断测试字段 | 下地址字段","水平型 | 垂直型 | 微指令格式","[]","水平型和垂直型微指令的特点混淆 | 控制字段与判断测试字段的功能混淆 | 忽略微指令格式对控制存储器容量的影响","不涉及微指令编码方式和控制存储器设计","需掌握微指令编码方式和微程序设计"
494,静态微程序设计和动态微程序设计,4,"静态微程序设计中微程序固定在控制存储器中不可修改，动态微程序设计可通过加载微程序改变控制逻辑。","静态微程序（固定不变） | 动态微程序（可加载修改） | 控制存储器类型（ROM/RAM）","静态微程序 | 动态微程序 | ROM | RAM","[]","静态与动态微程序设计的区别混淆 | 控制存储器类型选择不当 | 忽略动态微程序设计的应用场景","不涉及微指令格式和具体实现","需掌握微程序设计的基本概念和控制存储器"
495,毫微程序设计,4,"毫微程序设计是二级微程序设计，毫微指令控制微指令的执行，用于实现更复杂的控制逻辑和指令系统仿真。","二级微程序设计 | 毫微指令 | 毫微程序存储器 | 指令系统仿真","毫微程序 | 毫微指令 | 二级设计","[]","毫微程序与微程序的关系混淆 | 二级微程序设计的层次理解错误 | 忽略毫微程序的应用场景","不涉及一级微程序设计和具体实现","需掌握微程序设计和控制存储器概念"
496,串行微程序控制和并行微程序控制,4,"串行微程序控制中微指令顺序执行，并行微程序控制允许多条微指令同时执行，提高控制单元效率。","串行执行（顺序/简单） | 并行执行（重叠/高效） | 流水线技术 | 控制复杂度","串行微程序 | 并行微程序 | 流水线","[]","串行与并行微程序控制的性能混淆 | 并行控制的复杂度低估 | 忽略流水线技术在微程序控制中的应用","不涉及微指令格式和具体实现","需掌握微程序设计和指令流水概念"
497,微程序设计举例,4,"通过具体CPU指令集的微程序设计实例，展示微程序设计的完整过程和实际应用。","具体指令微程序设计 | 微指令编写 | 微地址安排 | 微程序调试","设计实例 | 微程序 | 微指令","[]","微程序设计过程不系统 | 微指令编写规则混淆 | 忽略微程序的调试和验证","不涉及微程序设计的理论基础","需掌握微程序设计的各个方面（编码/格式/地址形成）"
